school,n_block_groups,total_pop,Particulate Matter Summary Index_pct_usa,Ozone Summary Index_pct_usa,Diesel Particulate Matter Summary Index_pct_usa,Nitrogen Dioxide (NO2) Summary Index_pct_usa,Toxic Releases to Air Summary Index_pct_usa,Traffic Proximity and Volume Summary Index_pct_usa,Lead Paint Summary Index_pct_usa,Superfund Proximity Summary Index_pct_usa,RMP Proximity Summary Index_pct_usa,Hazardous Waste Proximity Summary Index_pct_usa,Underground Storage Tanks Summary Index_pct_usa,Wastewater Discharge Summary Index_pct_usa,Drinking Water Non-Compliance Summary Index_pct_usa,Particulate Matter Summary Index_pct_state,Ozone Summary Index_pct_state,Diesel Particulate Matter Summary Index_pct_state,Nitrogen Dioxide (NO2) Summary Index_pct_state,Toxic Releases to Air Summary Index_pct_state,Traffic Proximity and Volume Summary Index_pct_state,Lead Paint Summary Index_pct_state,Superfund Proximity Summary Index_pct_state,RMP Proximity Summary Index_pct_state,Hazardous Waste Proximity Summary Index_pct_state,Underground Storage Tanks Summary Index_pct_state,Wastewater Discharge Summary Index_pct_state,Drinking Water Non-Compliance Summary Index_pct_state,Location,year_founded
Alabama A&M University,8,16720,36.29898325358852,17.31321770334928,32.72165071770335,37.817583732057415,99,52.47733253588517,33.942882775119614,38.63247607655502,0,64.7546052631579,59.25275119617225,47.86088516746411,76.54683014354067,50.466985645933015,24.408014354066985,48.20376794258373,52.848744019138756,90.75191387559809,67.80633971291866,47.02583732057416,53.505083732057415,0,76.50514354066986,70.6357057416268,62.817882775119614,87.88313397129187,"Normal, AL",1875
Alabama State University,20,19594,79.9171685209758,4,66.3933857303256,63.45274063488823,50.59048688373992,76.7488006532612,80.624272736552,63.15581300398081,73.00714504440134,34.801112585485356,70.05124017556395,55.09559048688374,0,87.34684086965397,5.995559865264877,81.29320200061244,77.57063386751047,71.14749413085639,85.5899254873941,85.42079207920793,82.76329488618966,83.07982035316934,55.95360824742268,78.59160967643156,73.97050117382872,0,"Montgomery, AL",1867
Albany State University,15,11921,81.75933227078265,21.965774683331937,33.07960741548528,55.84850264239577,10.3324385538126,41.8667058132707,69.03716131197048,84.01065346866874,80.2531666806476,37.469507591645,74.9854877946481,33.35785588457344,88,93.89338142773258,42.80563711098062,60.46917204932472,80.33680060397617,20.804043284959317,72.15300729804547,84.32027514470262,94.23043368844895,91.54466907138662,67.21978021978022,89.90948745910578,60.42311886586696,95.87459105779716,"Albany, GA",1903
Alcorn State University,3,3066,37.18623613829093,4.162752772341814,3.4810828440965427,1.356164383561644,2.9621656881930853,5.499673842139596,15.96183953033268,0,0,0,31.79941291585127,18.935746901500327,96.54240052185257,44.81082844096543,4.8065883887801695,3.4810828440965427,1.356164383561644,3.443248532289628,6.461839530332681,20.787018917155905,0,0,0,40.78016960208741,24.109915198956294,90.21200260926288,"Lorman, MS",1871
Allen University,21,24502,40.87727532446331,7.887274508203412,75.75214268223002,73.28148722553262,72.58048322585911,69.21900253040567,68.87813239735532,40.863398906211735,86.1206023998041,55.85752183495225,87.37666312954045,63.29238429515958,0,53.71626805975023,10.182393274018448,80.79091502734471,77.99334748183821,79.06387233695209,77.67843441351727,73.16982287160232,43.43690310995021,83.57709574728594,68.7018610725655,83.48245041221125,73.18990286507224,0,"Columbia, SC",1870
American Baptist College,11,23132,52.99796818260418,39.37251426595193,87.11378177416566,76.29794224450977,51.52204738025247,77.2282984610064,47.0419764827944,0,78.43882932733875,82.00505792841086,65.770058793014,26.861663496455126,0,73.14170845581877,61.1991181047899,90.86213902818606,85.71865813591562,72.10608680615597,87.18658135915615,62.21217361231195,0,86.31912502161508,89.04232232405326,78.34160470344112,43.21844198512883,0,"Nashville, TN",1924
Arkansas Baptist College,14,12310,71.64833468724615,39.59837530463038,72.68586515028433,87.09406986190089,55.99333874898456,83.1595450852965,75.57034930950446,0,91.2238017871649,75.04362307067424,76.98147847278635,92.25280259951259,0,82.24614134849716,57.66092607636068,83.07254264825345,87.75848903330626,72.204224207961,87.24995938261576,81.40658001624695,0,87.93354995938262,83.53582453290008,83.04248578391551,89.65678310316815,0,"Little Rock, AR",1884
Benedict College,15,18413,39.64899799055016,8,71.09107695649813,68.29180470319882,69.16558952913702,66.13577363819041,71.59045239776245,2.927279639385217,77.9487318742193,46.181393580622384,83.62488459240754,62.88242002932711,0,66.71981752023027,13.834410470862977,90.26030521913866,87.54119372182697,89.47623961331668,87.97876500298702,88.37647314397437,3.5127355672622604,90.90810840167273,74.83533373160267,92.52012165317981,86.60348666702873,0,"Columbia, SC",1870
Bennett College,20,30512,24.9128211851075,24.32302045097011,57.85353303618248,65.17753670686943,90.49793523859465,78.08209884635554,69.67439040377556,0,55.53693628736235,71.91570529627687,92.85517173571054,54.09379916098584,0,34.6663607760881,33.70844257996853,70.75498164656528,74.37414787624542,85.91577084425799,82.28555977975878,73.26478106974305,0,66.8928618248558,78.86644598846355,84.9079378605139,61.84586392239119,0,"Greensboro, NC",1873
Bethune-Cookman University,20,19104,44.5401486599665,28.820090033500836,55.7588986599665,76.22257118927973,6,49.726654103852596,61.245655360134,0,59.725031407035175,34.21487646566164,95.86882328308208,16.565012562814072,0,69.50225083752093,50.33846314907873,79.36992252931323,88.88960427135679,10.624738274706868,75.6390284757119,79.49183417085428,0,80.39981155778895,58.890127721943045,94.34877512562814,29.00947445561139,0,"Daytona Beach, FL",1904
Bishop State Community College,13,9228,87,20.748699609882966,82.91861725184222,57.806566970091026,76.4353055916775,71.37332032943216,70.69971824880797,0,80.05158214130905,73.80895101863892,68.97962722149978,85.37158647594278,90.80288253142609,91.07921543129605,31.4061551798873,88.99024707412224,74.23352839185088,85.89206762028608,84.19180754226268,79.02026441265713,0,85.90030342436064,85.18736454269614,76.13209796272216,89.81534460338102,93.39000866926744,"Mobile, AL",1927
Bluefield State College,10,10201,8,13.744044701499853,11.459366728752084,26.149397117929613,5.064993628075679,26.33849622586021,79.9852955592589,0,44.25477894324086,1.686109204979904,64.96863052641898,62.280854818155085,86.88884524744698,15.23233016370944,24.52690912655622,20.380550926379765,47.131359670620526,8.81148906969905,48.288599156945395,89.58719733359474,0,68.642976178806,3.899127536516028,82.05352416429761,83.0484266248407,98,"Bluefield, WV",1895
Bowie State University,13,21358,10.441380279052346,48.61658394980803,70.06039891375598,37.11045041670568,27.07491338140275,50.72605112838281,18.92031089053282,70.72890720104878,23.593313980709805,34.96900458844461,29.261354059368855,43.723944189530854,0,7.800449480288417,35.91689296750632,53.16991291319412,28.81238880044948,20.16218747073696,38.89928832287667,16.9394606236539,63.35293566813372,21.437166401348442,26.58352842026407,23.728064425508006,32.300824047195434,0,"Bowie, MD",1865
Central State University,2,3213,64,64,32.680672268907564,51.46218487394958,70.84033613445378,19.521008403361346,61.66386554621849,0,55.60504201680672,39.621848739495796,38.15966386554622,51,0,76.31932773109244,78.31932773109244,46.84033613445378,65.36134453781513,80.73949579831933,26.941176470588236,70.88235294117646,0,66.98319327731092,54.78151260504202,51.89915966386555,65.31932773109244,0,"Wilberforce, OH",1887
Charles R. Drew University of Medicine and Science,54,68887,95.1150725100527,94.14834439008811,96.60824248406811,89.02486681086417,67.84956523001438,95.9173574114129,89.39496566841349,0,93.33248653592115,96.22388839693991,0,64.21921407522464,0,94.13660051969167,94.33544790744263,93.75374163485128,90.9066587309652,83.90725390857492,93.46431111820807,91.20397172180527,0,91.57386734797566,93.53610986107684,0,81.70194666627955,0,"Los Angeles, CA",1966
Cheyney University of Pennsylvania,5,6176,60.847150259067355,48.40123056994819,50.15738341968912,29.889572538860104,74.87176165803109,52.07561528497409,36.87580958549223,0,62.879857512953365,49.96794041450777,0,67.58468264248705,0,31.66143134715026,24.539507772020727,26.44559585492228,15.458387305699482,38.7666774611399,27.545822538860104,21.258581606217618,0,36.61512305699482,26.4485103626943,0,34.87386658031088,0,"Cheyney, PA",1837
Claflin University,16,16649,34.419304462730494,2.5161270947204035,35.39624001441528,32.269265421346624,72.43161751456545,36.18643762388131,52.968226319899095,0,79.2077602258394,31.638356658057543,82.86419604781068,29.43510120727972,0,52.53138326626224,3.502432578533245,56.05549882875848,50.15958916451439,84.48801729833623,56.99675656195567,65.29659439005346,0,85.52231365247162,50.569343504114364,85.36128295993754,45.92912487236471,0,"Orangeburg, SC",1869
Clark Atlanta University,35,40104,82.70434370636346,39.22883004189109,91.56749950129662,90.6354229004588,44.25865250349092,96.15766507081588,43.884699780570514,78.11462696987832,87.71860662278077,69.80403451027328,89.21192399760622,74.71838220626371,0,79.85288250548574,50.24197087572312,83.92030720127669,81.86003889886295,54.97733393177738,85.0263315380012,48.083258527827645,81.47678535806902,79.98753241571913,74.34043985637344,81.19566626770397,75.51765409934171,0,"Atlanta, GA",1988
Clinton College,17,18631,31.807310396650742,16.877784337931406,54.5259513713703,41.70388062905909,86.07272824861789,45.104449573291824,57.7298588374215,70.36246041543664,64.05791422897322,58.64902581718641,87.6290054210724,74.24598786967957,0,50.12565079705867,27.284472116365198,76.49916805324459,62.89034405023885,91.09575438784822,68.2720197520262,70.54049702109387,86.84101765874081,80.31163115238044,78.62294026085556,89.53657882024582,87.17181042348774,0,"Rock Hill, SC",1894
Coahoma Community College,13,10172,59.88546991742037,23.871608336610304,24.931183641368463,38.94917420369642,50.04669681478568,24.52379079826976,59.58700353912702,0,0,0,71.41555249705073,25.899233189146678,15.396775462052693,87.05013763271727,45.6247542272906,48.26287848997247,62.883110499410144,75.00766810853322,47.686492331891465,78.42646480534802,0,0,0,86.3068226504129,48.56242626818718,17.837200157294536,"Clarksdale, MS",1949
Concordia College Alabama,13,9255,61.61080497028633,1,22.163371150729336,33.578282009724475,38.943814154511074,24.025283630470017,69.8482982171799,0,29.03878984332793,0,64.29227444624527,65.39135602377094,7.324041058887088,84.10135062128579,1.5823878984332793,41.40886007563479,56.691950297136685,63.53938411669368,44.29994597514857,84.18930307941653,0,49.38109130199892,0,76.86558616963804,86.02042139384116,8.51172339276067,"Selma, AL",1922
Coppin State University,52,39447,18.443176920931883,62,80.20313331812305,85.33680634775776,50.08994346845134,83.10190889040992,89.31110097092301,52.02836717621112,90.92534286511015,89.99652698557558,60.848632342129946,57.7637336172586,0,34.70902730245646,87.62790579765255,93.07148832610845,93.25256673511294,78.20848226734606,93.77488782416914,93.95310163003523,66.91936015413086,94.29890739473217,95.25583694577534,77.13646158136234,78.21119476766295,0,"Baltimore, MD",1900
Delaware State University,7,12125,10,53.08255670103093,47.974680412371136,31.307876288659795,18.531134020618556,46.96519587628866,27.433319587628866,81.21764948453608,2.93740206185567,36.099298969072166,45.81468041237113,0,0,15.88321649484536,73.31645360824743,67.50944329896907,48.378144329896905,28.40758762886598,66.72090721649485,39.92065979381443,88.73435051546392,3.4881649484536084,54.75472164948454,57.30861855670103,0,0,"Dover, DE",1891
Denmark Technical College,6,5075,41.368866995073894,2,8.624433497536947,12.151527093596059,31.01655172413793,9.12847290640394,54.28886699507389,0,17.641182266009853,5.698325123152709,48.637635467980296,21.541083743842364,0,65.73064039408867,3.1261083743842364,14.810443349753694,23.522364532019704,52.999408866995076,16.11704433497537,72.99684729064039,0,28.361379310344827,8.900886699507389,66.7615763546798,35.94266009852217,0,"Denmark, SC",1947
Dillard University,18,13951,61.68267507705541,45.569708264640525,82.82682245000359,75.87319905383127,91.76324277829546,67.73872840656584,64.87807325639739,66.66798078990753,69.6585907820228,77.17167228155688,31.56046161565479,36.56648268941294,85,40.71471579098272,30.563400473084368,55.5254103648484,51.089957709124796,58.38857429574941,46.74869185004659,41.72073686474088,60.981650060927535,48.61078058920508,52.163859221561175,23.476381621389148,24.603756003153897,76.40097484051323,"New Orleans, LA",1869
Edward Waters University,18,23947,64,27,71.7986804192592,59.82991606464275,37.653401261118304,75.53363678122521,70.22975738088279,96.48857894517059,98.44473211675783,67.34906251304965,96.44790579195724,86.01966843445943,0,91.19584916691026,54.93706936150666,93.34079425397753,86.60320708230677,70.40167870714494,94.13989226207876,90.92287134087778,98.01941788115421,97.38902576523155,91.86595398170961,97.79028688353448,96.62183154466112,0,"Jacksonville, FL",1866
Elizabeth City State University,9,11232,3.3409900284900287,2,17.753650284900285,25.849358974358974,5.887731481481482,31.99189814814815,46.06508190883191,28.440527065527064,48.357371794871796,26.906606125356124,83.19934116809117,0,0,4.683493589743589,2.621794871794872,26.35176282051282,38.503116096866094,6.4564636752136755,45.60826210826211,55.15224358974359,36.59900284900285,61.01103988603989,38.84357193732194,80.81036324786325,0,0,"Elizabeth City, NC",1891
Fayetteville State University,9,6485,16.669545104086353,15,39.12259059367772,43.37609868928296,85.01804163454125,68.25828835774865,61.701927525057826,74.59090208172707,36.80663068619892,40.74325366229761,92.97532767925983,75.06399383191982,78,30.871087124132615,27.44502698535081,66.33415574402467,68.89930609097918,90.88928296067849,87.15281418658442,79.74710871241327,89.92181958365458,62.24934464148034,67.2148033924441,92.8396299151889,88.74895913646877,92.9301464919044,"Fayetteville, NC",1867
Fisk University,19,28329,54.752938684740016,39.50700695400473,91.069540047301345,93.10949909986233,49.51664372198101,86.2960923435349,37.8744749196936,0,84.17180274630238,84.46708320096015,68.58900773059409,24.147410780472306,0,63.86377916622542,50.809594408556606,84.18083942249991,83.72738183486886,60.06240954498924,82.38052878675562,44.81333615729464,0,79.7438314095097,81.59716191888171,71.63588548836881,31.633308623671855,0,"Nashville, TN",1866
Florida A&M University,18,23045,54.88266435235409,19.384378390106313,67.04460837491864,91.32805380776742,7.012627467997397,60.961336515513125,47.78277283575613,93.30514211325668,44.51104361032762,49.58572358429161,95.46595790844,9.382338902147971,78,61.49711434150575,23.50392709915383,71.12488609242786,81.52944239531352,8.81032761987416,67.46361466695596,50.51737904100673,85.63961813842482,53.9560425254936,57.98975916684747,82.40655239748318,13.1568669993491,85.11746582772835,"Tallahassee, FL",1887
Florida Memorial University,19,30210,56.74121151936445,49.592916252896394,90.14836146971201,76.07765640516385,94.83763654419066,80.70423700761337,57.72284011916584,79.01118834822907,78.71787487586892,67.5020854021847,86.04296590532937,10.37841774246938,97,73.06421714664019,68.653227408143,90.26514399205561,83.87560410460112,91.47964250248262,87.26577292287323,66.73336643495531,87.62714333002317,84.33720622310493,80.63783515392254,85.9727573651109,14.071631909963589,93.57411056944301,"Miami Gardens, FL",1879
Fort Valley State University,10,13241,71.69813458198021,9.615890038516728,23.020164640132922,29.326259345970847,29.80424439241749,22.21025602295899,45.3487651990031,84.38237293255797,3.39037837021373,31.93112302696171,55.41499886715505,10.57473000528661,0,83.67404274601616,13.496639226644513,35.64368250132165,44.15550185031342,44.53923419681293,34.76973038290159,56.78551468922287,88.693225587191293,4.442564760969716,48.863983082848726,68.50993127407295,16.04274601616192,0,"Fort Valley, GA",1895
Gadsden State Community College,8,9601,60.784397458598065,11.653056973231955,32.23226747213832,25.138318925111967,80.26268097073222,42.65555671284241,59.371732111238416,0,84.04468284553693,27.149463597541924,64.0741589417769,43.270909280283306,96.33559004270388,80.40464534944276,19.490157275283824,52.398083532965316,42.42131028017915,89.28153317362775,64.83918341839392,70.71919591709197,0,88.33111134256848,46.75325486928445,76.95490053119467,65.53515258827206,95.02510155192168,"Gadsden, AL",1985
Grambling State University,4,6131,54.71423911270592,12.428478225411842,18.886315446093622,12.557494699070299,60.71750122329147,16.776545424889903,37.967215788615235,0,21.201761539716195,9.206980916653075,45.75697276137661,41.907356059370414,92.99934757788289,70.2971782743435,16.472190507258198,26.657641494046647,18.082694503343664,73.11547871472843,23.129016473658456,50.257706736258356,0,30.304681128690262,11.937204371228185,60.70167998695156,57.204534333713916,92.75795139455228,"Grambling, LA",1901
H Councill Trenholm State Community College,15,15748,79.24536449072899,4,56.37211074422149,48.56324612649225,49.179006858013715,71.33178816357633,50.64090678181356,29.379413258826517,64.95370840741681,35.138430276860554,56.65582931165862,46.5246380492761,0,79.70732791465583,4.58743967487935,65.60807721615443,57.81654813309627,58.44754889509779,75.87103124206249,52.65151130302261,35.84004318008636,69.47866395732791,44.83909067818136,60.74371348742697,55.080772161544324,0,"Montgomery, AL",1963
Hampton University,17,18359,9.678904079742905,17.442562231058336,40.67993899449861,55.95321095920257,70.37354975761207,63.284438150226045,62.61141674383136,79.1086660493491,14.908219401928209,50.37055395174029,70.01732120485865,74.14200119832235,0,14.113241461953265,24.131052889590936,56.60291954899505,68.55918078326707,78.25339070755487,74.53178277683969,69.98104471921128,85.13132523557928,18.014979029358898,65.24364072117217,76.28874121684187,77.18067432866714,0,"Hampton, VA",1868
Harris-Stowe State University,21,27486,73.48082660263407,71.85541730335443,89.12297169468093,88.10139707487448,68.37208033180528,84.17252419413519,67.83988212180746,89.6861675034563,97.1223531979917,92.07523830313615,85.68904169395329,78.5154624172306,91,84.31466928618205,85.00738557811249,90.24645273957651,88.64829367678091,81.38794295277596,88.57520192097795,75.39074437895655,90.94520846976643,90.75143709524849,90.99843556719784,87.12744670013825,86.25038201266099,92.73684784981445,"St. Louis, MO",1857
Hinds Community College,2,3905,78,4,15.004097311139565,29.322407170294493,26.665300896286812,19.004097311139564,43.29372599231754,0,36.69807938540333,0,47.963124199743916,27.334699103713188,0,77.00819462227913,4.334699103713188,16.34289372599232,34.99180537772087,31.004097311139564,21.34289372599232,45.96722151088348,0,44.36747759282971,0,52.97131882202305,31.67349551856594,0,"Raymond, MS",1917
Howard University,79,97508,18.739313697337654,45.51592689830578,89.5012922016655,85.27603888911679,29.24748738565041,91.72542765721786,76.76113754768839,69.47741723755999,39.86630840546417,98.57745005538007,90.83633137793822,86.40537186692374,0,19.579880625179474,45.55737990728966,75.966987324117,72.49687205152398,29.568845633178817,76.79992410879107,64.6346863847069,71.27507486565204,42.649567214997745,79.30452885917053,73.66409935595028,73.45170652664397,0,"Washington, D.C.",1867
J.F. Drake State Technical College,10,15373,38.667338840824826,17.629935601379042,39.78364665322319,55.22207766863982,99,62.406752097833866,48.63533467768165,61.84889091263904,0,70.14343329213557,67.58641774539778,51.97963962791908,78,63.946074286085995,31.904507903467117,66.24549534898848,73.99928445976713,95.80381187796786,84.25134976907565,69.79268847980225,85.75574058414102,0,88.04664021336109,80.92090027971118,77.26390424770702,93.29499772328107,"Huntsville, AL",1967
Jackson State University,15,14170,86.28087508821454,9.991601976005645,66.17939308398024,84.35702187720537,28.143683839096685,70.61665490472829,78.00903316866619,67.2605504587156,82.10663373323924,49.44311926605505,74.88539167254764,50.10232886379676,99,92.94460127028934,15.874029640084686,84.87050105857445,90.94057868736768,46.60324629498941,86.89146083274524,88.08539167254763,86.4091743119266,89.27177134791813,73.09266055045872,79.72484121383204,72.96400846859562,96.10112914608328,Jackson MS,1877
Jarvis Christian College,1,2561,59,31,15,14,79,9,47,0,67,0,36,41,74,72,42,20,20,85,11,58,0,76,0,49,55,87,"Hawkins, TX",1912
Johnson C. Smith University,21,24234,46.67714780886358,30.50940826937361,74.44383923413386,79.86093917636379,89.51629941404639,89.45460922670628,43.959891062144095,0,82.54435916480978,77.49719402492366,95.21911364199059,42.36518940331765,0,50.03788066353058,34.39572501444252,71.49121069571676,72.83118758768673,77.7126351407114,78.42027729636048,48.123751753734425,0,73.21098456713707,72.47441610959808,78.62775439465214,45.909218453412564,0,"Charlotte,NC",1867
Kentucky State University,12,14331,54.15986323354965,46.323773637568905,45.40834554462354,45.10166771334868,18.132789058683972,33.461586769939295,73.46786686204732,0,42.797292582513435,47.39557602400391,61.15037331658642,74.68229711813551,0,71.4687739864629,66.1057846626195,64.3938315539739,63.39899518526272,28.140115832809993,51.793873421254624,82.00914102295722,0,60.59346870420766,65.69953248203196,74.43137254901961,83.99546437792199,0,"Frankfort, KY",1890
Lane College,15,15981,15,17.929541330329766,38.803328953131846,54.572242037419436,31.27551467367499,37.71753957824917,68.12283336462049,77.9431199549465,83.62349039484388,49.17401914773794,68.92146924472812,53.11225830673925,0,29.002127526437643,34.344033539828544,68.55378261685752,81.1287779237845,57.573806395094174,67.37563356485828,85.70020649521307,93.2473562355297,92.70083223828296,78.29453726299981,88.00506851886615,79.91001814654902,0,"Jackson, TN",1882
Langston University,2,3470,75,59,10.497982708933717,20.485878962536024,8.497982708933717,6.004034582132565,54.50201729106628,0,14.056484149855908,18.50201729106628,31,61.51008645533141,39.15734870317003,81.49394812680116,72.48991354466858,12.493948126801152,28.47377521613833,10.995965417867435,7.004034582132565,63.99193083573487,0,19.07665706051873,24.49798270893372,41.99193083573487,72.49798270893372,43.17348703170029,"Langston, OK",1897
Lawson State Community College,12,10428,86.11181434599156,45.03624856156502,63.87677406981204,44.82192174913694,88.57479861910241,59.782220943613346,62.754986574606825,2.276946682009973,89.55341388569236,61.06645569620253,52.839566551591865,74.62015726889145,0,92.1547756041427,70.45166858457998,83.22286152665899,68.23350594553126,92.0831415420023,80.80974299961642,75.85280015343307,2.886843114691216,90.77013808975835,81.39010356731876,71.06894898350595,87.65132336018412,0,"Birmingham, AL",1949
Lincoln University -Missouri,15,14579,28.76911996707593,24.055147815350846,37.339529460182455,55.55216407160985,91.69668701557035,47.49468413471431,65.49406680842307,0,9.797242609232457,52.24494135400233,67.41402016599218,32.885520268879894,0,36.48830509637149,30.530420467796144,47.46100555593662,62.0579600795665,85.88764661499417,58.70409493106523,67.97901090609781,0,12.860004115508609,63.02654503052336,70.41402016599218,41.65484601138624,0,"Jefferson City, MO",1866
Lincoln University -Pennsylvania,4,6597,32.47233591026224,47,42.38699408822192,32.263907836895555,68.1418826739427,22.228134000303168,27.24996210398666,10.748522055479764,56.08049113233288,12.359102622404123,10.443231772017583,28.760345611641654,0,26.774897680763985,38.138547824768835,35.76140670001516,27.239805972411702,53.794300439593755,17.179475519175384,23.170683644080643,12.068515992117629,47.15097771714416,11.887373048355313,10.16840988328028,23.04532363195392,0,"Lincoln University, PA",1854
Medgar Evers College,142,207712,43.739442112155295,70.24170486057618,98.11135129409952,97.48879217377907,42.817574333692804,89.44104336773995,89.11021510553074,91.39145066245571,1.3889134956093052,94.00375038514866,93.18531909567093,79.06118086581421,93,44.02286338776768,66.80806597596673,79.96138403173624,78.44517408719766,43.77662821599137,76.47010283469419,72.5805875442921,80.15425204128793,1.2087120628562624,78.1520181790171,75.75236384994608,70.42683138191342,84.86572273147435,"Brooklyn, NY",1970
Miles College,20,20774,85.929142196977,45.93929912390488,66.20491961105228,59.897853085587755,87.76186579378069,61.761047463175125,79.51131221719457,9.424328487532492,83.48445171849427,64.61379609126793,72.22427072301916,80.70496774814673,0,89.00067391932222,63.500048137094446,79.46057571964957,73.60744199480119,89.08597285067873,76.5451525945894,83.54534514296716,12.846442668720517,85.69437758736882,78.2507461249639,78.02132473283912,86.41999614903244,0,"Fairfield, AL",1898
Mississippi Valley State University,3,3908,65,14,15.411719549641761,33.80296827021495,20.72978505629478,10.734646878198568,38.65455475946776,0,43.546315250767655,0,54.755117707267146,19.10926305015353,0,84.42630501535312,22.16095189355169,25.25460593654043,52.057574206755376,33.52098259979529,16.630245649948822,56.881780962128964,0,64.86821903787103,0,71.75997952917093,31.009723643807575,0,"Itta Bena, MS",1950
Morehouse College,32,31924,82.90627740884601,36.29322766570605,85.70288810925949,83.92406966545546,45.88441298082947,92.28539656684626,55.50040721714071,81.22804159879715,93.81214760055131,66.38065405337677,79.97954516977822,76.8904272647538,0,89.14575241197845,57.25416614459341,89.56233554692395,87.71638892369377,67.01130810675355,91.16078812178925,67.04144217516603,89.25012529758176,90.31681493547174,82.01453451948377,84.96112642525999,86.48925573236437,0,"Atlanta, GA",1867
Morgan State University,37,42858,18.408115171029912,61.848709692472816,73.73489196882728,74.82437351252975,48.981403705259225,78.45058098838024,91.57352186289607,76.21727565448691,90.88081571701899,89.63740725185497,56.5944981100378,88.56101544635774,0,23.07354519576275,69.0640720518923,76.33400998646694,75.24373512529749,56.75463157403519,78.64240048532362,82.15306360539456,80.02398618694293,81.87257921508237,83.23295534089318,58.98586028279434,80.91212842409819,0,"Baltimore, MD",1867
Morris College,12,15361,26.699303430766225,5.718247509927739,40.86641494694356,32.3096803593516,43.14771173751709,40.095436495019854,58.451207603671634,0,66.49573595469045,54.742985482715966,86.93157997526203,65.93639736996289,0,42.046286049085346,8.553479591172449,62.415923442484214,50.762775860946554,64.49436885619426,62.185209296269775,74.31846884968427,0,80.5256168218215,75.46253499121151,89.15454722999804,75.20903587006055,0,"Sumter, SC",1908
Norfolk State University,23,22836,13,18.305176037834997,81.49224908039938,78.25840777719391,67.96768260641093,82.66303205465056,55.00153266771764,93.10400245226835,56.98471711332983,76.33250131371518,62.44464880014013,56.76786652653705,0,22.906507269224033,31.17113329830093,88.20892450516727,85.86657032755299,82.20432650201437,88.44548081975827,69.93742336661411,92.00569276580838,75.34231038710807,86.11678928008408,70.26988088982309,76.5263618847434,0,"Norfolk, VA",1935
North Carolina A&T State University,18,24973,24.311416329636007,23.45413046089777,52.69543106555079,54.42770191807152,91.83490169382934,74.69631201697834,63.03131381892444,0,50.66732070636287,71.41757097665479,87.77323509390142,76.12149121050734,0,40.56404917310696,39.87082048612501,76.64137268249709,76.08621311015897,93.67160533376047,88.86481399911905,78.14351499619589,0,72.7843270732391,86.96700436471389,91.18315781043528,89.19697273054899,0,"Greensboro, NC",1891
North Carolina Central University,14,21779,25,12.8867257449837,49.96303778869553,39.465815694017174,46.203223288488914,72.15193535056706,63.219201983562144,0,68.33601175444235,70.69539464621883,85.67950778272647,56.580972496441525,0,37.09770880205703,18.79429725882731,67.29197851141008,54.2790302585059,62.9496762936774,81.12277882363745,70.42949630377888,0,76.43656733550668,80.14564488727673,84.93640663024014,71.44565866201387,0,"Durham, NC",1909
Oakwood University,11,14599,44.75073635180492,18.281046647030617,49.11219946571683,72.04507158024522,99,65.66134666757998,29.186519624631824,73.4757860127406,3.29008836221659,40.00890471950134,63.13089937666963,41.806973080347966,78,56.41283649565039,23.97403931776149,62.28193711898075,76.01308308788273,88.90108911569286,74.79676690184259,37.34591410370573,81.75820261661758,3.8041646688129322,53.41989177340914,66.25337351873416,53.81368586889513,87.05425029111584,"Huntsville, AL",1896
Paul Quinn College,9,17911,68.58500362905477,67.47038132990899,60.12366702026687,51.54977388197197,38.634247110714085,61.149852046228574,47.12617944280051,84.97448495338061,82.06202892077495,55.63821115515605,44.68790128971023,40.92903802132768,0,93.95176148735413,94.07576349729217,90.17726536765116,83.60532633577131,73.51270169169784,90.34297359164759,76.16799732008263,96.90877114622299,95.67840991569426,87.56713751326001,69.41454971805037,75.39696276031489,0,"Dallas, TX",1872
Prairie View A&M University,4,12793,76.16985851637614,63.49714687719847,25.622215273977957,36.40529977331353,54.21206910028922,18.83193934182756,15.400922379426248,11.122957867583835,0,30.539982803095445,30.045962635816462,30.354334401625888,19.129836629406707,59.14945673415149,52.605409208160715,23.355037911357773,32.75947783944345,45.75127022590479,16.88993981083405,18.157820683186117,11.718830610490112,0,30.120612835144218,33.7060892675682,30.12756976471508,17.777221918236535,"Prairie View, TX",1876
Saint Augustine's University,18,24545,27.888857201059277,16.827704216744756,60.555591770217966,71.4107557547362,48.61132613566918,80.16634752495416,60.88926461601141,60.73905072316154,44.76479934813608,49.51900590751681,82.07141984110817,36.15461397433286,0,34.3623548584233,20.28107557547362,67.1480953350988,72.29052760236301,56.75192503564881,78.11627622733754,63.0911387247912,73.09109798329598,54.75909553880627,58.34776940313709,73.81022611529843,44.20472601344469,0,"Raleigh, NC",1867
Savannah State University,17,18062,67.51932233418226,10.885948399955709,47.4872660834902,32.15253017384564,50.17495293987377,46.823829033329645,64.20795039309047,0,61.628723286457756,49.30971099546008,66.99357767689071,35.1880744103643,76.22411693057248,76.06605027128779,13.619643450337726,61.82593289779648,43.61205846528624,62.99108625844314,61.032831358653524,69.3344590853726,0,70.72289890377589,62.89392093898793,72.89093123685085,46.2274388218359,80.40482781530285,"Savannah, GA",1890
Shaw University,23,27632,27.959756803705847,16.910393746381008,62.65138245512449,82.0894614939201,47.35111464968153,81.82936450492183,54.8143818760857,63.77236537348002,39.9158946149392,54.21333960625362,90.11533729009844,42.190105674580195,0,35.765163578459756,21.204762594093804,69.65876519976838,78.53278807180081,56.73856398378691,79.70729588882455,59.8767371163868,75.25311233352635,51.242255356108856,63.26719021424435,81.12898089171975,51.7913288940359,0,"Raleigh, NC",1865
Shelton State Community College,8,15661,70.78519890173041,5.538790626396782,30.13262243790307,11.040674286444032,84.31434774280059,43.46912713108997,7.375901921971777,0,49.839856969542176,20.704552710554882,33.76585147819424,55.06608773386118,0,63.281271949428515,4.731434774280059,29.112061809590703,10.110146223101973,72.35368111870251,42.94936466381457,8.271247046804163,0,48.23714960730477,19.31894515037354,32.69835898090799,51.96992529212694,0,"Tuscaloosa, AL",1979
South Carolina State University,16,15484,34.2660811159907,2.537458021183157,34.98727718935675,32.16526737277189,72.76730818909843,35.929992250064586,49.56413071557737,0,78.71525445621286,31.75665202789977,86.28952467062774,28.888723843967966,0,53.59073882717644,3.619413588220098,56.78351847067941,51.02880392663395,85.8080599328339,57.89492379230173,63.110630328080596,0,86.23714802376647,51.90176956858693,88.78409971583571,46.4571170240248,0,"Orangeburg, SC",1896
Southern University and A&M College,11,14513,60.507338248466894,63.30923999173155,69.60559498380762,53.92599738165782,98.59801557224557,36.34796389443947,50.86618893405912,86.3137187349273,98.66099359195205,86.57045407565631,51.929029146282645,89.99297181836974,18.617446427341005,86.09233101357404,88.58774891476607,89.1376007717219,77.01316061462137,96.74629642389581,64.10776545166402,71.62344105284917,95.15055467511885,96.20402397850204,94.84510438916833,76.12788534417419,95.90615310411356,21.462550816509335,"Baton Rouge, LA",1880
Southern University at New Orleans,18,15622,59.84278581487646,44.7748047625144,80.65420560747664,60.00486493406734,89.72513122519524,59.07489437972091,64.22378696709768,78.022596338497,61.996223274868775,74.05370631161183,61.52816540775829,44.84124951990782,85,71.80655485853283,59.93150684931507,83.7840225323262,71.63205735501217,87.11759057739086,72.19555754704903,70.61042120087056,84.56586864678019,71.68006657278197,81.09300985789271,69.33497631545256,58.3969402125208,89.47253872743566,"New Orleans, LA",1956
Southern University at Shreveport,9,10661,77.65284682487571,19.30794484569928,42.28787168183097,18.631366663540007,68.35503236094175,27.961729668886598,44.90423037238533,34.87712222118,26.627802269955914,38.78116499390301,51.385423506237686,92.34490197917644,91.06523109243697,91.4543663821405,33.52077666260201,64.49845230278585,34.78960697870744,85.9645436638214,50.332708001125596,66.02917174749085,50.88837820091924,47.360660350811365,64.30550605008911,71.34977957039678,91.13760435231217,96.30724789915966,"Shreveport, LA",1967
Spelman College,33,32988,82.83460652358433,36.585667515460166,86.25397114102098,86.03146598763186,45.708136291984964,92.97362677337213,52.843185400751786,80.94240329816903,93.59351885534133,66.74151206499333,79.63959621680611,76.98963259367042,0,89.30332242027404,58.07026797623378,89.85324966654541,88.49069358554625,67.20680247362678,91.39963016854614,65.40351036740633,89.36337456044622,90.3884442827695,82.45164908451558,84.32878622529405,86.70237662180186,0,"Atlanta, GA",1881
St. Philips College,12,12394,70,77.16919477166371,63.52396320800387,86.82314022914314,25.500080684202032,64.33322575439729,80.34137485880265,84.55446183637244,72.86332096175569,68.9997579473939,66.92690011295788,67.41487816685493,0,90.38526706470873,92.66895271905761,86.27335807648862,92.93722769081813,49.90430853638858,87.85380022591576,91.85129901565274,94.22212360819752,89.6203808294336,89.32507664999193,86.66282071970308,88.78723575923834,0,"San Antonio, TX",1898
Stillman College,15,18246,73.36051737367094,7.734571960977749,46.5534911761482,44.26531842595637,83.47182944206949,65.84177353940589,57.92836786144908,0,81.4125287734298,53.81700098651759,65.32670174284775,60.732160473528445,7.72804998355804,85.53102049764333,10.67472322700866,65.63493368409515,59.08297709086923,89.14551134495233,80.90512989148307,72.16622821440316,0,86.50887865833607,72.86566918776718,77.22185684533596,77.71982900361724,8.945851145456539,"Tuscaloosa, AL",1976
Tennessee State University,16,19434,50.08145518164042,38.226716064629,84.32052073685294,83.58196974374808,61.728465575795,76.04924359370176,58.78805186786045,0,88.51641453123392,82.61021920345786,61.77832664402593,24.765359678913246,0,71.08485129155089,60.196151075434805,89.43614284244109,88.0586600802717,78.93717196665638,86.74091797880004,72.39477204898631,0,89.63759390758464,89.3418236081095,76.05526397036122,39.76525676649172,0,"Nashville, TN",1912
Texas Southern University,28,33238,89,70.21111378542632,85.28458390998254,97.7833202960467,97.54073650640832,88.26632168000481,63.97554004452735,85.54491846681509,92.39554124796919,84.0378783320296,65.69811661351466,51.23722847343402,0,76.49864612792587,69.09227390336362,75.55737408989711,78.94915458210482,79.3819122690896,76.66845177206811,61.90968168963235,80.34710271376136,76.68915097177928,74.78650941693243,63.12145736807269,54.80453095854143,0,"Houston, TX",1927
Trenholm State Community College,9,5051,79.51910512769749,3.3735893882399526,60.07800435557316,53.12433181548208,65.49831716491784,66.9586220550386,63.998218174618884,72.02573747772718,91.55177192635122,35.52900415759255,79.90734508018214,58.60938428034053,0,97.81152247079787,7.102157988517125,91.19817857849931,86.60047515343496,93.4513957632152,94.1676895664225,91.19916848148881,96.16709562462879,97.9998020194021,74.33320134626807,96.64878241932291,91.9014056622451,0,"Montgomery, AL",1966
Tuskegee University,8,8981,62.35820064580782,2.7316557176260994,18.014586348958915,15.124485023939428,10.626544928181717,16.560850684778977,41.39360872954014,0,10.365215454849126,5.63522992985191,59.515198752922835,32.585124150985415,74.03173365994878,76.77697361095646,3.5491593363767953,26.23438369891994,23.00779423226812,15.33804698808596,24.271016590580114,54.650150317336596,0,13.075826745351296,7.1314998329807375,71.05723193408306,43.02527558178377,80.03062019819619,"Tuskegee, AL",1881
University of Arkansas at Pine Bluff,4,3723,55.78323932312651,22.349717969379533,25.843943056674725,20.045930701047542,74.95487510072522,30.998119795863552,41.79559495030889,0,26.110126242277733,41.893096964813324,38.82245500940102,90.84555466022026,0,82.58474348643567,40.50094010206823,48.418748321246305,37.45500940102068,90.58608648939028,55.733816814396995,61.94359387590653,0,46.3027128659683,69.61079774375504,63.43190975020145,96.18560300832662,0,"Pine Bluff, AR",1873
University of Maryland Eastern Shore,3,6450,7,19,16.74356589147287,6.134883720930232,22.267596899224806,15.42046511627907,42.11968992248062,0,9.80217054263566,17.350077519379845,45.49612403100775,18.350077519379845,0,10.59968992248062,27.45798449612403,26.045581395348837,9.969922480620156,32.993178294573646,23.74046511627907,55.16837209302326,0,12.252713178294574,26.15813953488372,60.88589147286822,26.15813953488372,0,"Princess Anne, MD",1886
University of the District of Columbia,37,42340,19.596669815777044,47.2837505904582,87.61655644780349,62.84350495984884,23.833278223901747,86.22031176192725,81.50614076523382,44.42470477090222,3.943646669815777,96.43115257439773,75.69886632026453,88.68908833254605,0,11.42746811525744,26.664454416627304,50.7033774208786,37.015068493150686,13.614643363249883,49.85297590930562,43.382026452527164,41.487411431270665,3.8178318375059046,54.417477562588566,43.28391591875295,49.140363722248466,0,"Washington, DC",1851
University of the Virgin Islands,11,0,NA,NA,NA,NA,NA,NA,NA,NA,NA,NA,NA,NA,NA,NA,NA,NA,NA,NA,NA,NA,NA,NA,NA,NA,NA,NA,"St Thomas 00802, U.S. Virgin Islands",1962
Virginia State University,16,20038,15.776025551452241,10,51.092923445453636,44.173969458029745,92.40767541670826,56.604651162790695,67.78186445753069,0.808463918554746,57.52510230561932,60.83900588881126,55.83516318993912,42.15041421299531,0,22.44989519912167,12.912067072562133,64.71399341251622,56.126709252420405,88.51342449346242,70.20401237648468,72.22622018165485,0.9027847090527997,68.95613334664138,73.52939415111288,61.87907974847789,55.19078750374289,0,"Virginia state university, VA",1882
Virginia Union University,27,32037,24.12220245341324,9,80.46449417860599,84.12766488747386,95.21028810437932,83.03589599525549,80.00131098417455,42.10974810375503,61.77900552486188,77.86396978493617,74.31251365608514,34.239379467490714,0,30.47704216999095,10.461435215532042,80.09317351811967,80.38249523987889,85.35262352904454,80.9843930455411,76.07432031713331,50.20960139838312,67.36142585135937,78.43849299247745,72.03505321971471,41.86006804632144,0,"Richmond, VA",1899
West Virginia State University,6,6262,29.149153625039922,24.91312679655062,46.803098051740655,38.06563398275311,98.52714787607793,40.58431810923028,74.79383583519642,63.15649952091984,95.05812839348451,73.24576812519962,59.03321622484829,93.70344937719578,99,41.68987543915682,36.67997444905781,65.62232513573937,52.96311082721175,92.77770680293835,59.11322261258384,81.32050463110828,80.68716065154902,90.10044714148835,83.88821462791441,72.38901309485787,91.74305333759182,94.45496646438838,"Institute, WV",1891
Wilberforce University,2,3213,64,64,32.680672268907564,51.46218487394958,70.84033613445378,19.521008403361346,61.66386554621849,0,55.60504201680672,39.621848739495796,38.15966386554622,51,0,76.31932773109244,78.31932773109244,46.84033613445378,65.36134453781513,80.73949579831933,26.941176470588236,70.88235294117646,0,66.98319327731092,54.78151260504202,51.89915966386555,65.31932773109244,0,"Wilberforce, OH",1856
Wiley College,15,16323,70.97188016908656,27.039085952337192,30.512895913741346,20.88519267291552,80.10947742449305,29.44213686209643,59.22808307296453,0,58.13404398701219,19.365128959137415,59.612142375788764,19.423635361146847,91.21239968143111,86.23911045763646,43.331617962384364,49.71530968571954,34.075047479017336,89.50444158549286,48.235005820008574,75.662745818783307,0,75.37094896771427,31.987931140109048,75.20002450529927,30.429945475709122,94.35103841205661,"Marshall, TX",1873
Winston-Salem State University,15,21445,42.630216833760784,30.238517136861738,55.79552343203544,69.04709722546048,98.50104919561669,65.18941478200047,61.79948705992073,0,52.06710188855211,67.93732804849616,86.13369083702494,73.65525763581255,0,62.440102588015854,47.86463044998834,75.25852179995337,79.86327815341572,92.59417113546282,81.24429937048264,73.57901608766612,0,69.76027045931453,82.44010258801586,87.61277687106552,85.15425507111215,0,"Winston-Salem, NC",1892
Xavier University of Louisiana,48,40713,60.757473043008375,44.19062707243387,85.50730724829907,91.8461179475843,91.04772431410115,72.65831552575345,75.37882248913124,66.21432957531992,88.63429371453836,85.34399331908728,78.6108122712647,38.60282956303883,85,69.30702723945669,56.85859553459583,83.00218603394494,84.02326038366124,84.62299511212635,77.22656154053988,72.64600987399602,77.84127919829048,82.34340382678751,82.75405890010562,77.36236582909636,49.70650652125857,88.08943089430895,"New Orleans, LA",1925
