school,group,Location,year_founded,Latitude,Longitude,n_block_groups,total_pop,PM2.5 [raw]_pct_usa,PM2.5 [EJindex]_pct_usa,Particulate Matter Summary Index_pct_usa,Ozone [raw]_pct_usa,Ozone [EJindex]_pct_usa,Ozone Summary Index_pct_usa,NO2 [raw]_pct_usa,NO2 [EJindex]_pct_usa,Nitrogen Dioxide (NO2) Summary Index_pct_usa,Diesel PM [raw]_pct_usa,Diesel PM [EJindex]_pct_usa,Diesel Particulate Matter Summary Index_pct_usa,Toxic Air [raw]_pct_usa,Toxic Air [EJindex]_pct_usa,Toxic Releases to Air Summary Index_pct_usa,Traffic [raw]_pct_usa,Traffic [EJindex]_pct_usa,Traffic Proximity and Volume Summary Index_pct_usa,Lead Paint [raw]_pct_usa,Lead Paint [EJindex]_pct_usa,Lead Paint Summary Index_pct_usa,Superfund [raw]_pct_usa,Superfund [EJindex]_pct_usa,Superfund Proximity Summary Index_pct_usa,RMP [raw]_pct_usa,RMP [EJindex]_pct_usa,RMP Proximity Summary Index_pct_usa,Hazardous Waste [raw]_pct_usa,Hazardous Waste [EJindex]_pct_usa,Hazardous Waste Proximity Summary Index_pct_usa,UST [raw]_pct_usa,UST [EJindex]_pct_usa,Underground Storage Tanks Summary Index_pct_usa,Wastewater [raw]_pct_usa,Wastewater [EJindex]_pct_usa,Wastewater Discharge Summary Index_pct_usa,Drinking Water [raw]_pct_usa,Drinking Water [EJindex]_pct_usa,Drinking Water Non-Compliance Summary Index_pct_usa,burden_score,state_abbr,region,treat,distance,weights,subclass
Alabama A&M University,HBCU,"Normal, AL",1875,34.7834,-86.5685,22,36048,37.9149,61.508,56.2604,17.654,40.6495,27.6343,43.8611,62.1516,58.4601,35.7457,59.2071,55.2398,99,87.0088,92.326,56.0411,71.2954,73.4179,35.8284,59.3905,50.5869,49.7517,68.2803,67.8314,0,0,0,65.0312,75.9437,79.5245,63.2488,74.2964,73.3063,47.2605,68.3845,65.8015,77.0469,90.4213,89.6747,60.77413846153847,AL,South,1,0.4575613515450239,1,1
Alabama State University,HBCU,"Montgomery, AL",1867,32.3643,-86.2957,54,45245,79.5643,84.2109,88.9344,3.8818,12.0004,5.9996,57.3961,73.6734,75.4397,62.8228,77.2995,80.8899,51.0872,74.3135,72.9867,73.9375,81.3903,86.415,73.268,80.4744,81.8465,55.2383,74.3611,74.7015,68.9456,79.8389,81.2193,34.6595,61.4452,57.4099,70.267,79.6693,81.0429,55.0604,75.5226,75.3342,0,0,0,66.32458461538462,AL,South,1,0.4444596623712913,1,2
Albany State University,HBCU,"Albany, GA",1903,31.5794,-84.1557,34,31753,81.675,93.0734,93.3175,21.8601,58.3023,40.6633,49.486,78.7072,74.1849,30.9772,65.137,55.0877,10.9039,34.883,20.5672,39.0216,72.8719,67.1351,56.6492,78.3341,72.2192,83.1624,94.2637,93.523,76.5161,90.7007,89.2628,36.8555,71.7813,64.5521,69.6253,88.9195,85.8767,32.7372,69.7833,57.4711,88,96.5598,95.532,69.95327692307693,GA,South,1,0.503762095513567,1,3
Alcorn State University,HBCU,"Lorman, MS",1871,31.8747,-91.1392,3,3066,37.1862,69.0091,44.8108,4.1628,13.4811,4.8066,1.3562,5.2619,1.3562,3.4811,12.0799,3.4811,2.9622,9.2048,3.4432,5.4997,18.2984,6.4618,15.9618,36.2319,20.787,0,0,0,0,0,0,0,0,0,31.7994,65.7851,40.7802,18.9357,47.0577,24.1099,96.5424,96.9928,90.212,18.480676923076924,MS,South,1,0.45100201470654644,1,4
Allen University,HBCU,"Columbia, SC",1870,34.0126,-81.0235,53,62940,40.7244,59.4823,50.3157,7.6496,18.8779,9.2494,65.7958,71.6206,69.9541,70.1813,74.222,73.977,73.1213,77.3071,75.0793,66.1112,72.3338,71.8354,71.1148,75.28,70.7953,38.8248,43.0355,40.9106,85.4259,80.1561,79.5996,54.1937,67.3699,63.6304,79.2714,77.0736,75.0922,63.3941,73.1017,69.1995,0,0,0,57.664500000000004,SC,South,1,0.4493647473924929,1,5
American Baptist College,HBCU,"Nashville, TN",1924,36.2024,-86.79,32,48860,52.9245,73.1247,72.4893,39.3336,65.7412,60.1295,76.7155,81.6073,85.3931,85.9541,85.5748,90.4358,52.8717,74.8042,72.4652,76.6883,82.3298,86.9369,50.6119,69.7251,64.4944,0,0,0,77.4447,82.897,85.4233,80.8726,84.2057,88.684,64.5726,78.5196,77.6339,27.0473,52.82,42.1406,0,0,0,63.555846153846154,TN,South,1,0.5384136964078773,1,6
Arkansas Baptist College,HBCU,"Little Rock, AR",1884,34.7357,-92.2644,28,23753,71.624,82.7345,84.7593,39.5683,67.2191,60.8145,76.0029,81.9792,84.2538,68.9784,80.3802,82.6507,57.9223,78.5691,76.2645,78.976,83.9672,87.5047,69.8027,78.7573,78.2065,0,0,0,89.7078,87.134,89.2339,74.574,82.9305,85.5026,69.2274,81.3449,80.7918,91.8819,89.0689,91.4375,0,0,0,69.33998461538461,AR,South,1,0.4723703336710692,1,7
Benedict College,HBCU,"Columbia, SC",1870,34.0291,-81.0235,48,56882,39.9378,65.1118,55.6295,7.9327,22.5727,11.0249,62.978,76.3593,74.4947,68.4452,79.7613,79.5727,70.1674,82.8155,80.4717,65.4342,78.4297,78.1736,67.4185,79.9511,75.4168,19.3026,22.0164,20.3126,80.4692,84.1088,83.5041,49.2538,70.4729,66.099,77.2921,78.6779,77.5661,64.0664,79.8747,76.7225,0,0,0,59.92216923076922,SC,South,1,0.4493647473924929,1,8
Bennett College,HBCU,"Greensboro, NC",1873,36.0726,-79.791,57,68266,25.1012,53.3092,36.0164,24.4436,54.008,35.1412,58.902,76.3237,70.4115,56.6878,76.0909,70.2544,89.8412,88.1704,84.9033,75.6579,83.677,80.7996,67.6493,80.887200000000007,72.052,0,0,0,56.6937,77.0169,68.6107,73.5237,83.1392,79.229,86.3121,84.9271,81.1243,48.1084,62.1368,54.1977,0,0,0,56.364623076923074,NC,South,1,0.45427969942870366,1,9
Bethune-Cookman University,HBCU,"Daytona Beach, FL",1904,29.2108,-81.0228,42,44178,44.5243,69.1983,68.0362,28.6981,57.282,48.6108,74.0412,82.1807,87.3429,54.0277,73.8148,77.1181,6,16.4153,10.2653,47.82,70.0058,72.6417,53.4129,73.1235,70.2095,0,0,0,62.3063,78.5863,80.7058,35.0816,61.1294,58.2724,91.5999,88.4324,92.5232,16.6484,39.3568,28.026,7.871,9.0548,9.3623,54.08570769230768,FL,South,1,0.5054156393324969,1,10
Bishop State Community College,HBCU,"Mobile, AL",1927,30.6944,-88.0431,26,20078,87,86.912,90.5429,20.5107,46.9208,31.7683,52.4274,71.5553,70.163,80.3454,84.2798,87.7997,72.9476,83.8355,84.0904,70.0664,80.8145,83.5328,73.0049,81.4683,79.1846,0,0,0,78.3115,83.7977,85.0748,71.6802,81.5779,83.884,74.9246,80.8312,81.2924,85.0638,86.9088,89.302,90.9094,93.2611,93.1912,73.83277692307693,AL,South,1,0.5433415497341059,1,11
Bluefield State College,HBCU,"Bluefield, WV",1895,37.2678,-81.222,17,18978,7.8887,16.343,14.3216,13.718,25.3281,23.3363,23.8434,38.4613,41.5433,11.9539,23.3775,20.5749,6.9009,12.4697,11.9139,23.6095,38.389,41.7785,70.4479,69.118,83.166,0,0,0,44.4088,57.7229,66.6535,2.4521,4.7909,5.1874,59.7053,65.9792,77.4406,63.1988,67.5442,81.9106,59.2088,61.2887,66.8825,41.131469230769234,WV,South,1,0.490533820812574,1,12
Bowie State University,HBCU,"Bowie, MD",1865,38.9569,-76.7422,28,47223,10.5677,20.2846,7.997,48.6231,61.3283,36.1034,34.0082,47.6026,26.4496,67.5454,69.0562,51.3402,27.1719,41.5571,20.4002,49.0271,58.3802,37.528,21.1353,31.225,17.9637,61.4787,65.1314,54.6126,20.7536,31.5226,18.6148,35.343,49.4733,26.8271,38.8496,47.0685,30.9194,45.2312,57.6578,33.6941,0,0,0,27.88077692307692,MD,Northeast,1,0.665321979418768,1,13
Central State University,HBCU,"Wilberforce, OH",1887,39.7122,-83.8825,9,13194,61.5894,50.0001,62.8261,62.5388,51.8439,65.4549,49.9845,44.2962,54.0661,33.1842,34.4206,38.3172,70.0915,54.8481,69.1231,20.7744,23.9119,23.5603,62.0995,50.4695,60.4967,2.1774,2.3718,2.7217,54.1013,49.9814,56.9416,37.9331,38.5401,43.8531,35.7762,41.3975,41.2434,49.8205,44.3031,53.348,19.1501,18.9046,18.6591,45.431638461538455,OH,Midwest,1,0.35667875897987245,1,14
Charles R. Drew University of Medicine and Science,HBCU,"Los Angeles, CA",1966,33.9886,-118.3087,179,245193,95.3708,96.321,94.9949,94.2229,96.4393,95.1536,90.5126,94.1117,92.39,96.5052,95.9544,94.6693,68.1965,90.6275,86.1338,96.4852,95.8483,94.4738,84.6426,94.4065,91.4821,13.1373,17.1175,17.0464,92.957,94.5815,92.5214,96.4301,96.0649,94.6133,0,0,0,64.5754,88.5981,83.9006,0,0,0,72.10609230769231,CA,West,1,0.566576526294736,1,15
Cheyney University of Pennsylvania,HBCU,"Cheyney, PA",1837,39.9257,-75.5205,17,22823,61.1421,34.0624,36.7917,48.2536,28.7421,29.0208,31.4878,21.3686,19.4011,53.3929,31.6007,33.474,74.5009,38.6979,44.6623,54.2365,31.5051,33.8523,42.5785,24.996,25.5952,27.305,24.088,24.2474,59.2979,40.5392,39.5551,49.0248,31.493,30.6375,26.2349,19.2866,17.6227,65.7565,35.5769,39.3235,0,0,0,28.783353846153847,PA,Northeast,1,0.6229032652350067,1,16
Claflin University,HBCU,"Orangeburg, SC",1869,33.4963,-80.8559,26,25068,34.3798,67.8715,49.7887,2.6089,9.4895,3.3702,27.0625,57.685,40.9538,33.3959,65.7764,50.6421,69.5684,88.1879,80.4252,33.7818,65.8354,51.0556,47.098,70.5201,58.1923,0,0,0,76.3064,88.3727,82.0474,30.6792,63.7771,46.7834,71.7418,84.8728,76.8124,28.9518,63.1456,42.9674,0,0,0,44.84911538461539,SC,South,1,0.4477285764764165,1,17
Clark Atlanta University,HBCU,"Atlanta, GA",1988,33.7489,-84.3881,102,123981,82.8793,81.2536,73.9455,39.6565,62.1606,45.2509,86.9439,80.7137,75.0319,91.2441,82.9578,78.3525,43.9728,65.1519,49.4912,94.4151,83.0688,79.0637,44.288,53.8517,43.1534,78.1729,84.0644,77.6572,85.3216,81.2513,73.7026,68.4212,75.7052,67.4557,82.8538,81.0434,72.6968,62.4325,71.4962,60.6524,0,0,0,61.2656769230769,GA,South,1,0.6404462307255313,1,18
Clinton College,HBCU,"Rock Hill, SC",1894,34.9249,-81.0251,33,46902,32.0153,53.3935,42.4956,16.8972,36.437,22.3982,35.0174,54.2615,47.3738,53.5447,67.7633,66.2324,86.6654,83.8907,85.0244,44.1701,61.9867,58.1362,43.8791,58.9493,50.9959,72.5355,82.1917,81.5211,67.5828,75.3052,73.8518,61.6127,72.1609,71.899,79.6364,78.3727,78.1395,75.4389,79.729,80.0229,3.4584,3.5987,3.6454,58.59509230769231,SC,South,1,0.4888808384626575,1,19
Coahoma Community College,HBCU,"Clarksdale, MS",1949,34.1975,-90.5709,19,17264,59.4663,84.628,82.0188,23.9571,58.6588,41.6376,34.3073,63.1171,54.4586,21.6822,53.2228,39.202,40.0546,70.498,60.2034,22.0918,53.5235,40.1025,59.7505,81.014,74.8866,0,0,0,0,0,0,0,0,0,54.0031,72.2224,67.4069,24.5662,58.498,42.3924,22.8813,25.0016,24.524,40.525600000000004,MS,South,1,0.5791601393545953,1,20
Concordia College Alabama,HBCU,"Selma, AL",1922,32.4074,-87.021,26,24654,61.4429,84.0327,80.543,1,4.2176,1.6432,23.5372,50.5358,38.8086,18.8997,48.1052,32.6889,39.4453,72.2946,60.291,21.5906,51.3337,37.1381,53.0098,75.8956,66.7526,0,0,0,15.5094,30.4866,25.6799,0,0,0,59.1907,79.1038,72.8637,65.0956,86.1731,82.5863,21.8274,24.6283,24.7306,40.2866076923077,AL,South,1,0.5351242250379754,1,21
Coppin State University,HBCU,"Baltimore, MD",1900,39.3142,-76.6488,177,149880,18.4407,44.4115,30.3346,62.0979,81.9653,80.7899,82.4989,85.8634,86.591,79.4511,86.1976,87.3743,50.3539,76.5982,70.7816,83.0167,87.1439,88.6706,85.3158,87.8977,86.8548,46.7805,55.5737,55.2932,88.2009,88.2603,88.4253,89.8892,89.1375,90.5135,58.2935,67.782,66.245,58.7741,76.715,71.5316,0,0,0,69.49272307692307,MD,Northeast,1,0.7147604325583263,1,22
Delaware State University,HBCU,"Dover, DE",1891,39.1897,-75.5346,18,32288,9.4976,22.6254,13.9364,52.9055,69.2327,69.3573,28.3552,47.7013,41.1234,40.8506,59.112,56.3157,18.3946,36.7565,26.2645,44.0913,60.8921,60.1716,35.273,51.86,44.7166,81.1361,83.9157,86.4866,6.5358,10.8205,9.5024,36.6029,56.3989,51.0807,43.8924,54.9121,54.1973,0,0,0,0,0,0,39.47326923076923,DE,Northeast,1,0.702469525729716,1,23
Denmark Technical College,HBCU,"Denmark, SC",1947,33.3278,-81.1478,6,5075,41.3689,72.1072,65.7306,2,6.7332,3.1261,12.1515,34.8274,23.5224,8.6244,27.8225,14.8104,31.0166,64.8108,52.9994,9.1285,28.8741,16.117,54.2889,79.133,72.9968,0,0,0,17.6412,34.0776,28.3614,5.6983,14.6835,8.9009,48.6376,74.3766,66.7616,21.5411,50.9336,35.9427,0,0,0,29.943792307692302,SC,South,1,0.575932337126424,1,24
Dillard University,HBCU,"New Orleans, LA",1869,29.9974,-90.1037,81,73157,61.3101,58.707,55.689,45.386,51.4102,44.1767,77.6924,63.9978,65.7809,81.5479,66.3271,69.1835,91.4443,71.0659,73.0735,65.7866,59.8937,60.3241,69.4463,60.9475,57.3366,68.0997,73.2962,70.2369,68.8997,63.2325,61.0321,78.5849,65.5131,67.4734,54.6045,52.8436,50.2035,36.8504,44.9327,36.1816,85,86.3844,82.1443,60.987392307692296,LA,South,1,0.4477285764764165,1,25
Edward Waters University,HBCU,"Jacksonville, FL",1866,30.3437,-81.6837,57,70302,63.9075,87.6949,87.922,27.0073,64.0523,51.8789,58.9683,82.7792,82.0081,75.9411,90.6742,91.9752,37.9334,74.9384,67.0889,74.7797,90.0264,91.3912,71.4008,89.4538,88.2,94.7895,95.3205,96.1484,98.1876,94.7235,95.4529,67.5566,87.8644,88.8185,94.4844,93.7016,94.547,85.9808,93.8197,94.4628,0,0,0,79.22260769230769,FL,South,1,0.44282698820253913,1,26
Elizabeth City State University,HBCU,"Elizabeth City, NC",1891,36.2946,-76.251,20,27628,3.5075,9.203,4.5707,2.5377,5.5457,2.7798,19.4757,35.6807,27.4869,15.3748,31.5472,21.1546,5.1678,9.4355,5.6069,26.523,44.3629,35.8008,46.847,59.0627,52.4428,30.9527,39.8076,36.895,48.5411,63.3001,58.4297,27.3736,46.4502,36.5462,60.649,63.4142,60.3045,0,0,0,0,0,0,26.309069230769232,NC,South,1,0.4839234945862877,1,27
Fayetteville State University,HBCU,"Fayetteville, NC",1867,35.0527,-78.8784,28,27487,16.5456,38.2915,27.4523,15,36.4748,24.0549,30.8318,52.7413,47.8873,31.1576,55.2645,50.3725,73.98,81.9543,84.9825,60.5461,74.2475,79.1063,57.581,73.085,72.2014,73.9883,84.8045,87.5814,36.7049,61.0147,56.269,34.287,57.9549,53.8994,65.6502,71.9283,73.9524,74.8815,82.2889,86.5006,77.8497,90.9379,90.9855,64.24965384615385,NC,South,1,0.4444596623712913,1,28
Fisk University,HBCU,"Nashville, TN",1866,36.1667,-86.7833,57,76426,54.5482,69.4401,68.8929,39.4524,61.3923,55.6638,88.6124,80.994,86.0434,90.5721,82.2496,87.818,51.699,69.1808,66.6446,83.4697,80.0185,85.4288,45.2958,57.5233,54.553,0,0,0,84.0585,80.8388,83.8378,85.2664,80.9014,85.9593,70.0398,76.5111,76.6921,23.9355,45.4255,34.5714,0,0,0,60.46962307692308,TN,South,1,0.44282698820253913,1,29
Florida A&M University,HBCU,"Tallahassee, FL",1887,30.4383,-84.2807,56,74142,54.6244,73.9734,62.2078,19.3636,44.0792,23.9088,77.4715,81.1876,75.263,55.6986,72.8255,63.4721,6.8616,18.6984,8.6176,56.8742,73.6982,65.2846,44.0398,62.0036,49.6877,88.7185,88.8459,84.6591,43.9438,67.4255,53.8051,44.1715,66.1992,53.5046,87.9643,84.8008,78.6863,16.5546,27.0814,20.5366,78,91.3279,85.4161,55.77303076923077,FL,South,1,0.47731878927721233,1,30
Florida Memorial University,HBCU,"Miami Gardens, FL",1879,25.942,-80.2456,57,98300,55.718,83.8917,71.9855,49.2338,81.7444,68.219,75.4486,89.9798,83.2123,90.1469,94.8108,90.04,93.6715,96.1924,90.681,80.8884,92.4325,86.941,57.3602,76.7077,64.1295,79.6308,93.1174,87.6124,79.1005,91.3186,84.0486,66.8395,87.6874,79.8441,69.5901,77.1927,71.4345,12.8358,31.4696,16.7783,97,97.5046,93.6383,76.04342307692306,FL,South,1,0.46413543480742314,1,31
Fort Valley State University,HBCU,"Fort Valley, GA",1895,32.5536,-83.8889,12,15146,71.888,83.4529,82.8561,9.6903,26.5652,13.2823,27.2514,51.8777,40.5667,22.3412,48.2716,33.8279,29.7077,58.5107,43.3916,21.7068,46.8009,33.1375,45.1438,65.2459,55.8921,82.6685,88.095,87.4173,5.7554,10.1672,7.6723,30.5823,57.1657,46.0619,51.436,71.6068,63.7812,10.7401,26.7601,15.9192,0,0,0,40.29277692307692,GA,South,1,0.490533820812574,1,32
Gadsden State Community College,HBCU,"Gadsden, AL",1985,34.0143,-85.9708,20,19543,61.6191,75.4643,82.901,11.7992,29.8771,20.1841,28.387,49.8573,47.0059,36.405,58.1709,58.351,81.3336,83.7098,90.8636,44.8414,64.5836,68.949,62.3609,74.7564,77.4518,0,0,0,87.9258,83.9257,90.9511,29.0478,53.5301,50.6469,65.0719,76.5299,79.7486,44.7679,67.0026,68.9782,97.1823,93.1262,95.9145,63.995823076923074,AL,South,1,0.6358639863209783,1,33
Grambling State University,HBCU,"Grambling, LA",1901,32.527,-92.7149,8,11571,54.7641,83.2418,69.1541,12.5281,39.238,16.6481,11.2556,34.9584,15.7151,17.5776,45.0358,23.8757,52.5293,82.1746,65.4131,16.6958,46.1403,23.0302,33.0047,66.8414,43.6806,0,0,0,25.7884,48.6293,34.7057,13.5345,36.7519,18.4965,43.8052,76.4886,57.8341,40.6157,75.3698,54.7207,62.6681,65.9169,63.3593,37.43332307692308,LA,South,1,0.5004547971499863,1,34
H Councill Trenholm State Community College,HBCU,"Montgomery, AL",1963,32.3473,-86.267,48,53772,79.1144,82.6639,83.9641,3.9809,11.5858,5.2227,49.0413,67.6544,63.0184,58.7194,73.7497,72.3503,48.8641,71.1886,63.9804,70.4418,78.4935,79.5985,50.2016,60.2416,55.097,28.6249,38.3168,37.497,55.208,66.6796,64.0539,35.5174,60.3367,51.029,67.6901,76.4471,73.7559,49.2934,70.5731,63.4143,0,0,0,54.844730769230765,AL,South,1,0.6015512791364068,1,35
Hampton University,HBCU,"Hampton, VA",1868,37.026,-76.3452,45,56637,9.4397,24.1568,13.2166,17.672,39.2153,23.4527,50.9043,67.8398,62.8357,38.1455,60.5483,52.1852,70.3868,80.5844,77.8026,60.0584,73.1525,71.6894,58.1559,72.1027,64.3362,80.6519,85.9083,85.0982,10.7149,18.5644,13.8331,50.1937,68.4449,63.6342,66.6804,78.0877,73.4849,57.7209,70.0099,63.3347,0,0,0,51.14642307692308,VA,South,1,0.4460935366159296,1,36
Harris-Stowe State University,HBCU,"St. Louis, MO",1857,38.6367,-90.2343,79,87527,72.9887,78.6009,78.1052,71.6704,79.5773,79.0167,85.5368,81.2739,82.9485,88.4807,83.0091,85.5337,68.4632,78.2603,75.575,83.4666,81.2382,83.7021,80.3772,80.6029,77.8626,89.5066,86.5395,86.8538,96.951,85.1776,86.2359,91.1479,83.7449,86.0821,85.42,82.1665,81.6812,78.6477,81.3995,80.8837,91,91.6122,89.9262,82.64666923076923,MO,Midwest,1,0.3125443779977678,1,37
Hinds Community College,HBCU,"Raymond, MS",1917,32.2678,-90.4142,5,8198,78.5292,78.0881,79.0535,4,8.9097,4.5622,20.4402,36.8747,25.131,13.8502,29.2951,15.8836,25.4613,44.0026,30.8767,16.9347,33.5371,20.4973,42.6372,58.9502,48.2566,0,0,0,28.2401,42.1008,34.1863,0,0,0,35.7619,53.9923,42.8308,29.2788,47.906,35.6761,0,0,0,25.919546153846156,MS,South,1,0.526887787949472,1,38
Howard University,HBCU,"Washington, D.C.",1867,38.9227,-77.0194,225,260815,18.89,30.7388,19.0824,45.2811,55.9369,43.8518,82.5992,70.7532,68.8451,89.7687,74.1514,73.7826,30.8618,43.0655,30.7521,91.4707,74.231,74.4261,75.1515,68.2357,61.0064,70.8133,75.7327,70.9313,38.7434,51.9276,41.617,97.9953,76.6354,76.8354,79.3079,68.2931,64.2875,86.0679,74.6406,70.932,0,0,0,53.565361538461545,DC,Northeast,1,0.6682612975778888,1,39
J.F. Drake State Technical College,HBCU,"Huntsville, AL",1967,34.7718,-86.5733,27,41253,38.4644,57.4757,55.2723,17.6976,37.0549,26.7023,47.5347,60.8174,60.9466,36.6949,55.7588,54.8403,99,83.0307,91.5502,57.9207,67.7917,73.5085,40.992,58.7755,54.0774,52.1915,67.5373,68.8521,0,0,0,66.0007,72.0076,78.9085,62.0702,68.9678,69.9245,47.8428,64.074,64.9137,77.2909,88.7219,89.0161,60.6548076923077,AL,South,1,0.6078757927931666,1,40
Jackson State University,HBCU,Jackson MS,1877,32.2969,-90.2064,41,38560,86.3184,95.0622,91.6749,9.8809,34.7194,15.4465,73.7178,89.4203,83.5297,61.3219,85.9938,78.8838,29.4419,68.4513,47.0041,67.4827,89.2539,83.7617,68.7383,88.9319,80.0702,66.4177,90.8744,84.9533,83.3516,93.4606,88.5029,52.3231,82.5046,73.3254,80.9652,90.0036,84.8387,49.6633,83.3861,71.233,96.2804,95.689,93.2291,75.1117923076923,MS,South,1,0.4608466905864495,1,41
Jarvis Christian College,HBCU,"Hawkins, TX",1912,32.5892,-95.1798,6,9139,60.799,71.0263,76.3889,31.0057,51.7821,45.331,10.2687,22.4906,15.0838,13.0681,27.8773,18.438,78.8716,81.087,85.7433,9.3731,20.9922,13.1615,44.4864,62.0844,58.0644,0,0,0,47.3976,62.9753,62.5493,3.4118,7.5059,4.6059,25.4495,44.4563,37.7979,36.7923,55.6802,52.5768,65.2428,72.0301,72.0299,41.67466923076923,TX,South,1,0.5186366901882963,1,42
Johnson C. Smith University,HBCU,"Charlotte,NC",1867,35.2434,-80.8558,57,64096,46.8109,64.7343,51.5055,30.4391,53.4416,35.5648,75.8038,76.8102,71.0748,71.7186,76.2617,70.5507,89.548,83.8334,77.9604,88.6141,81.6303,78.3597,43.354,54.982,46.8867,0,0,0,80.2001,79.0782,72.4202,78.0825,78.6001,73.2178,95.0301,84.337,78.9205,39.888,60.4829,44.9956,0,0,0,53.95820769230769,NC,South,1,0.4444596623712913,1,43
Kentucky State University,HBCU,"Frankfort, KY",1890,38.2,-84.8565,27,31152,53.7865,54.8256,66.181,46.6157,52.1523,61.348,39.3747,45.6136,52.6339,40.6636,46.5076,54.2255,18.2429,26.4366,25.3002,30.1711,39.0341,42.5967,54.4341,54.1151,60.8069,0,0,0,42.9841,51.8111,56.3032,41.4353,48.2648,55.1578,53.2481,56.7001,63.3704,73.6082,64.6387,79.9544,0,0,0,47.529076923076914,KY,South,1,0.4822717012518826,1,44
Lane College,HBCU,"Jackson, TN",1882,35.6281,-88.8064,28,29554,14.7873,40.2552,26.5152,17.8373,46.807,31.1522,51.098,74.9512,73.736,41.6596,69.8819,66.6908,31.8317,64.7667,54.1262,37.3842,66.5501,62.626,60.7528,80.3399,76.0485,75.6612,89.4461,89.9428,75.9115,86.0867,86.7053,47.6002,74.1611,72.779,66.0668,83.9704,82.6639,55.7506,80.1687,78.2524,0,0,0,61.63371538461537,TN,South,1,0.4690743166498168,1,45
Langston University,HBCU,"Langston, OK",1897,35.9459,-97.2629,3,5000,75,70.154,75.8348,57.47,63.8876,65.302,18.1952,34.5908,23.1268,10.0396,22.2768,10.8128,7.7336,17.158,9.1612,6.9208,13.9684,7.0028,45.4744,58.1732,51.7544,0,0,0,18.6292,24.8156,23.0312,19.2664,35.6252,23.1216,30.388,50.7836,38.3224,65.026,66.7264,69.2856,51.0432,53.2184,54.1364,34.684,OK,South,1,0.4938403704361609,1,46
Lawson State Community College,HBCU,"Birmingham, AL",1949,33.4506233,-86.8891388,35,33725,86.3033,94.0299,91.6024,45.5819,78.9993,68.3153,50.8104,77.8363,70.4289,65.3125,86.4871,82.4913,87.5765,94.6035,91.2278,60.9738,84.2621,79.7803,62.6389,85.0863,75.1655,11.496,16.9023,16.2598,87.2896,92.8936,89.453,62.882,85.6548,81.0014,63.4381,83.926,77.4743,74.3958,90.8358,85.9477,0,0,0,69.93443846153846,AL,South,1,0.5791601393545953,1,47
Lincoln University -Missouri,HBCU,"Jefferson City, MO",1866,38.5638,-92.1695,30,32012,28.6797,35.5943,32.1575,23.7792,31.4627,26.1788,48.8718,48.2352,50.6493,32.9308,39.2676,37.6146,89.4416,67.7237,78.8721,42.8815,45.8189,48.006100000000004,52.4813,49.7274,51.5848,0,0,0,12.3873,14.9683,14.1504,52.2493,51.7485,55.955,57.0529,57.5201,57.7892,34.0669,39.6852,37.1924,0,0,0,37.70386153846154,MO,Midwest,1,0.3254760807916569,1,48
Lincoln University -Pennsylvania,HBCU,"Lincoln University, PA",1854,39.8087,-75.9271,9,14726,31.8461,24.3694,26.2761,47.1656,32.3785,38.1256,29.2828,24.1827,24.9045,41.9974,30.2277,35.4084,64.6707,40.0373,51.3049,22.1246,18.5831,17.288,28.9001,20.7904,23.4172,21.0033,20.4831,21.91,51.798,41.0183,44.3404,12.9009,12.6972,11.4021,21.5755,19.8812,19.4715,27.3614,21.1792,22.0351,0,0,0,25.837215384615384,PA,Northeast,1,0.6489301877149874,1,49
Medgar Evers College,HBCU,"Brooklyn, NY",1970,40.6657,-73.9555,593,757119,43.3749,62.3618,44.3991,70.1384,78.2089,66.8158,96.8068,83.8966,77.8968,98.2573,84.946,79.6874,43.0421,63.9609,44.6694,89.6533,82.3968,76.2495,86.3272,82.4309,71.0993,91.8814,86.7636,80.408,7.0276,8.7322,6.7921,94.3228,84.0818,77.9855,92.3226,84.0951,75.2942,80.0961,81.3081,70.8383,93.0239,91.6167,85.2213,65.95051538461539,NY,Northeast,1,0.7992558194986437,1,50
Miles College,HBCU,"Fairfield, AL",1898,33.481,-86.9089,47,43081,86.0907,94.5482,92.1658,46.3372,80.2163,69.549,58.3159,82.9088,76.5339,66.9328,87.913,83.8584,88.1509,95.2341,92.0143,62.6685,85.76,81.131,75.1556,91.3027,84.8105,23.105,34.746,32.8621,85.2864,93.1102,89.4868,63.9157,86.9475,82.1508,72.5917,88.0439,82.9176,79.973,93.2957,89.5077,0,0,0,73.61445384615386,AL,South,1,0.49549386542548574,1,51
Mississippi Valley State University,HBCU,"Itta Bena, MS",1950,33.5127,-90.3417,3,3908,65,93.1561,84.4263,14,48.4214,22.161,33.803,68.48,52.0576,15.4117,49.2449,25.2546,20.7298,60.5113,33.521,10.7346,38.9951,16.6302,38.6546,79.8058,56.8818,0,0,0,43.5463,80.7492,64.8682,0,0,0,54.7551,85.3961,71.76,19.1093,57.2702,31.0097,0,0,0,35.274646153846156,MS,South,1,0.5807715242190981,1,52
Morehouse College,HBCU,"Atlanta, GA",1867,33.7473,-84.4155,92,93631,82.8688,92.4377,88.346,36.6745,72.1329,55.5007,79.8024,89.046,84.6264,86.626,92.3966,89.318,45.9465,79.4438,65.2437,92.0284,93.2702,90.6339,51.8957,67.6751,60.5754,79.205,92.0767,87.7896,91.7583,93.1558,88.9221,69.2482,87.6201,82.3511,76.7193,86.9224,81.0775,72.8056,89.7314,82.3597,0,0,0,73.59569999999998,GA,South,1,0.4444596623712913,1,53
Morgan State University,HBCU,"Baltimore, MD",1867,39.3438,-76.5844,141,143083,18.362,40.6772,24.0633,61.7773,78.3515,70.5254,73.3447,79.6394,74.8432,73.6935,80.8213,76.91,49.3058,72.2093,59.0518,78.5355,82.351,79.2228,88.8577,86.2939,80.764,76.5855,85.6497,81.263,87.8488,85.2037,80.7583,88.7986,85.8096,83.137,53.3461,64.6485,56.959,80.5868,82.0832,75.6898,0,0,0,64.86058461538462,MD,Northeast,1,0.6682612975778888,1,54
Morris College,HBCU,"Sumter, SC",1908,33.938,-80.347,21,24775,26.9786,54.9246,40.9443,5.6261,17.0425,8.0232,30.8503,56.8836,47.3541,40.9727,66.3708,60.4647,43.5962,71.4009,62.8061,39.806,65.1809,59.5497,55.9611,76.0136,69.146,0,0,0,67.5797,80.7961,78.7466,56.2522,75.9961,74.091,81.1004,83.6901,82.5498,68.5949,77.9407,74.7814,0,0,0,50.65053076923077,SC,South,1,0.512028268473088,1,55
Norfolk State University,HBCU,"Norfolk, VA",1935,36.8479,-76.2621,69,83338,12.71,32.6523,19.1576,18.012,42.5513,25.7819,73.5258,80.8127,78.6384,78.2583,83.543,82.5904,63.7826,80.1481,73.746,79.8952,83.927,83.3098,62.4819,75.8296,69.6978,93.1898,90.0507,89.1911,57.0637,73.8776,67.762,75.305,82.5349,80.8939,66.3801,74.1602,69.8987,57.9649,77.285,70.783,0,0,0,62.41927692307692,VA,South,1,0.5564385262745191,1,56
North Carolina A&T State University,HBCU,"Greensboro, NC",1891,36.077,-79.7718,48,69104,24.3718,55.1358,36.0498,23.7954,56.0247,35.2583,51.5501,73.9041,65.065,53.131,77.1061,69.215,89.1688,90.7349,86.5565,72.7204,85.571,81.046,63.8758,81.6203,71.1636,0,0,0,50.8415,76.868,65.8721,69.273,84.4936,78.9121,84.2198,88.3032,82.8105,65.5419,78.5467,72.3083,2.691,3.3456,2.9092,57.474338461538466,NC,South,1,0.4839234945862877,1,57
North Carolina Central University,HBCU,"Durham, NC",1909,35.9739,-78.8989,43,61772,24.8165,51.351,34.4616,12.7223,33.6655,17.072,40.0051,62.8386,51.8034,49.987,71.6957,63.5608,46.4111,72.0766,59.342,71.0647,81.372,77.2898,53.0456,69.8047,59.1672,2.4388,3.1598,2.5902,61.044,77.2733,68.8099,67.4386,80.0902,74.8413,84.8084,85.4737,80.4476,56.3253,76.9263,67.4494,0,0,0,50.525784615384616,NC,South,1,0.513680858563404,1,58
Oakwood University,HBCU,"Huntsville, AL",1896,34.7524,-86.6559,29,37534,44.3127,66.2171,55.43,18.3655,41.5143,23.8043,62.2915,73.1998,68.907,49.1483,68.0471,61.5543,99,88.1241,88.4679,64.2585,75.6059,73.2223,32.6469,53.6463,41.3342,72.8236,84.3316,81.0689,4.8695,8.6742,6.6958,43.8908,65.3522,56.9906,58.0868,68.4982,62.9519,41.9242,65.4146,53.7982,77.9615,91.4688,87.0631,58.56065384615385,AL,South,1,0.49218701018197464,1,59
Paul Quinn College,HBCU,"Dallas, TX",1872,32.6788,-96.7545,21,43278,68.5416,93.4414,93.2206,67.3725,93.3789,93.2342,56.8321,86.5018,85.2026,59.7468,88.6365,88.4451,38.0282,79.7642,71.1367,63.0494,90.1999,90.032,52.8376,84.6248,77.7404,80.7949,95.7472,95.2762,83.1267,95.7012,95.1853,53.6529,85.861,84.8688,53.7934,81.8352,78.8419,41.5848,80.6916,74.5433,8.1958,10.2579,10.1868,79.83953076923078,TX,South,1,0.45264034366649775,1,60
Prairie View A&M University,HBCU,"Prairie View, TX",1876,30.0955,-95.9907,5,14228,76.4553,82.4035,59.9412,63.6487,78.6978,53.2504,36.0618,58.087,32.6829,26.0637,49.8206,23.8235,54.695,74.6004,46.4824,18.4455,39.9129,16.4976,18.3862,34.876,20.2599,10.0011,13.0372,10.5369,0,0,0,31.8975,55.3508,31.3187,30.1422,47.9833,33.4332,30.4195,53.6501,29.913,17.2004,16.853,15.9843,28.778769230769228,TX,South,1,0.45920357778039417,1,61
Saint Augustine's University,HBCU,"Raleigh, NC",1867,35.7877,-78.6189,52,79699,28.0008,45.4582,32.3382,16.8333,33.1164,18.8981,70.9426,69.7242,68.1078,60.2166,66.1915,63.3595,49.2362,62.5971,53.6982,80.3465,73.752,74.6627,53.0194,58.1931,50.2331,53.688,64.4259,60.1518,43.9176,61.232,51.8626,50.4117,61.7036,55.3277,80.8382,73.8042,71.2229,38.0118,54.7982,43.4252,0,0,0,49.48367692307692,NC,South,1,0.4444596623712913,1,62
Savannah State University,HBCU,"Savannah, GA",1890,32.0242,-81.0626,42,42851,68.2285,71.4458,75.63,10.7143,22.6371,13.3354,33.0567,48.7497,44.4209,48.6397,61.0453,61.9414,50.8581,64.5707,62.8775,48.1761,60.2962,61.4958,66.7091,69.9787,69.6024,0,0,0,61.2226,69.199700000000007,69.156,44.4291,59.1357,57.6869,67.6352,72.1348,72.5984,34.7121,52.3593,45.3107,72.9664,78.6684,77.9747,54.77154615384615,GA,South,1,0.4822717012518826,1,63
Shaw University,HBCU,"Raleigh, NC",1865,35.771,-78.6379,51,76490,27.8318,46.315,32.6115,16.8101,33.8829,19.1254,69.36,69.9142,66.5576,58.1167,66.528,61.973,46.8624,62.552,52.0089,79.4051,75.0684,74.3974,47.494,56.4505,47.7037,59.2571,72.256,67.5715,40.0914,59.479,49.0291,53.2227,64.4503,58.1064,80.7652,73.9881,71.123,44.3942,59.6764,49.4241,0,0,0,49.97166153846153,NC,South,1,0.4411955484666382,1,64
Shelton State Community College,HBCU,"Tuscaloosa, AL",1979,33.1206,-87.5615,11,20898,71.5228,68.0373,63.737,6.0876,10.9206,5.2201,12.7404,22.6669,11.8168,32.0067,43.5146,31.244,86.3912,75.4009,73.2725,46.1319,53.254,45.5167,7.0234,9.6369,8.2384,0,0,0,53.5697,59.812,51.0112,24.1112,35.4665,23.1414,38.0402,45.6639,36.6458,55.5973,61.0975,52.4009,0,0,0,30.941907692307687,AL,South,1,0.6266258869214003,1,65
South Carolina State University,HBCU,"Orangeburg, SC",1896,33.4982,-80.8493,28,27051,34.2411,67.4841,49.2213,2.6018,9.384,3.3449,26.1783,56.3583,39.4571,33.4099,65.5855,50.3521,68.3932,87.6325,79.4125,33.1398,64.9411,49.8483,45.0753,67.7457,55.5708,0,0,0,75.7636,88.1291,81.6417,30.8832,63.7256,46.7278,70.7077,84.5265,76.1791,28.8069,62.7381,42.4585,0,0,0,44.170315384615385,SC,South,1,0.49218701018197464,1,66
Southern University and A&M College,HBCU,"Baton Rouge, LA",1880,30.5265,-91.1929,19,21135,60.9225,88.5588,87.1394,63.3797,90.3337,89.3116,55.9675,82.6602,79.2884,71.3356,90.6425,90.0006,98.506,97.1655,97.0147,37.7644,72.8317,66.9055,54.8155,83.1873,76.4436,84.8495,95.535,95.3201,98.5881,96.3031,96.3776,86.7304,94.8674,95.2186,54.6105,84.6133,79.1612,89.6659,95.9455,96.173,12.7842,14.3125,14.7379,81.77632307692309,LA,South,1,0.4657809954892272,1,67
Southern University at New Orleans,HBCU,"New Orleans, LA",1956,30.0259,-90.0449,51,44211,59.7189,83.5809,71.7537,44.6515,76.7518,60.022,62.8371,82.7535,73.1828,80.5075,89.71,83.5352,89.4548,93.564,86.9921,61.6488,82.786,73.59,65.3191,82.804,69.9164,78.7707,91.2476,84.7832,63.8044,83.794,72.7245,72.0518,87.6019,79.9286,66.2818,83.1932,72.5492,45.3697,76.0556,59.0943,84.9983,95.0801,89.437,75.193,LA,South,1,0.5904025646931425,1,68
Southern University at Shreveport,HBCU,"Shreveport, LA",1967,32.5458,-93.8325,11,11444,77.745,89.1447,91.4297,19.2869,50.8721,33.3547,19.7084,48.835,36.161,42.3804,70.3459,64.7385,69.2517,87.0548,86.2844,28.6426,60.4354,51.0507,46.3786,75.2885,67.1967,36.7516,54.585,53.1603,27.4246,58.1871,48.2195,39.1756,70.1687,64.571,52.1456,75.3634,70.9926,92.8002,90.1757,91.4393,91.2123,96.6661,96.2494,65.75752307692309,LA,South,1,0.6078757927931666,1,69
Spelman College,HBCU,"Atlanta, GA",1881,33.7452,-84.4114,89,89685,82.7498,91.3663,87.0731,36.9459,71.0852,54.9189,81.3533,88.8416,84.5858,87.4931,91.6401,88.5883,45.6312,77.9523,63.9005,92.5451,92.4875,89.8616,53.0886,69.4327,60.9666,78.6629,91.1672,86.7475,91.2489,92.107,87.649,68.7322,86.3766,80.9755,79.8615,87.9794,82.3903,74.591,89.3591,82.5791,0,0,0,73.09509230769231,GA,South,1,0.4674273012815191,1,70
St. Philips College,HBCU,"San Antonio, TX",1898,29.3812,-98.5502,57,71509,69.8992,92.8196,93.012,77.181,95.1811,95.2506,86.2175,95.1269,95.2373,62.7659,88.7868,89.2212,26.5804,66.5623,54.0037,67.3337,90.4621,91.1544,71.1804,91.1159,88.4253,80.3307,95.4038,95.2752,74.4316,92.1537,92.0598,67.4959,90.9796,91.4836,70.989,91.5462,90.5417,66.5128,91.8396,91.0391,0,0,0,82.05414615384615,TX,South,1,0.49549386542548574,1,71
Stillman College,HBCU,"Tuscaloosa, AL",1976,33.1983,-87.5859,30,32350,74.0583,88.7091,84.561,8.3459,26.5171,11.6874,50.7585,73.8922,65.2951,53.8449,77.7998,70.3979,83.2429,91.7104,87.7987,69.148,85.3567,81.5863,49.3003,74.2629,62.2369,0,0,0,77.5063,88.1853,83.6165,53.177,78.5327,71.4903,66.4579,84.5703,76.8764,61.2371,84.4691,76.9217,16.1743,18.7364,18.1333,60.8155,AL,South,1,0.6219714746762921,1,72
Tennessee State University,HBCU,"Nashville, TN",1912,36.1684,-86.8259,48,64544,50.7948,63.7478,63.457,38.4478,57.0821,52.3282,83.5312,75.9718,82.1002,85.813,77.693,84.3832,55.3155,67.1165,66.699700000000007,77.1987,74.4916,80.9644,47.6301,55.7003,53.3368,0,0,0,86.6099,78.4908,82.9614,83.9753,77.1803,83.6925,65.8793,71.2983,72.0931,24.3703,43.171,33.7841,0,0,0,58.1385076923077,TN,South,1,0.5186366901882963,1,73
Texas Southern University,HBCU,"Houston, TX",1927,29.7214,-95.3593,83,99888,89.0803,84.851,75.6183,70.3406,80.0294,67.9754,97.828,85.5659,78.3577,84.9122,82.8063,74.7938,97.4629,88.1313,78.6232,88.6514,83.7305,76.3081,55.1436,65.2008,54.4249,85.7817,86.4943,79.6061,91.2499,84.5284,75.3404,84.0021,82.5435,73.8937,78.4762,80.8236,69.4873,52.4801,70.8346,54.6764,0,0,0,66.08502307692308,TX,South,1,0.5433415497341059,1,74
Trenholm State Community College,HBCU,"Montgomery, AL",1966,32.3503,-86.343,33,23212,78.62,90.6153,93.4549,3.3183,12.3499,6.1985,49.3925,74.7326,74.5511,54.5084,78.8565,79.1973,60.1613,85.4295,85.895,64.7496,84.5098,86.8652,64.0954,82.91,80.547,69.0764,89.6737,90.9482,86.9452,91.4145,93.5281,37.375,70.0997,69.0227,65.9521,82.6193,83.1138,55.7048,82.8141,83.3813,4.3484,5.0536,5.2886,71.69166923076922,AL,South,1,0.6062979649840002,1,75
Tuskegee University,HBCU,"Tuskegee, AL",1881,32.4308,-85.7073,12,11210,62.247,86.4599,78.5372,2.785,9.7866,3.8784,14.4492,40.9974,22.8624,16.9129,45.347,25.5054,10.5814,32.0035,16.0268,16.4056,44.9973,25.2469,42.7999,75.0779,57.4372,0,0,0,8.3042,14.3021,10.4758,4.5147,10.1955,5.7135,56.8746,81.9158,70.6718,30.4848,61.7434,42.3568,76.2127,86.2171,83.0886,33.984676923076925,AL,South,1,0.4674273012815191,1,76
University of Arkansas at Pine Bluff,HBCU,"Pine Bluff, AR",1873,34.2474,-92.0217,15,12647,54.9406,78.8514,78.9719,23.1455,53.8432,39.9788,24.8981,51.5862,43.5597,25.4688,55.4514,46.4263,60.7218,81.245,80.9099,31.1947,60.4019,54.313,51.2347,72.0791,66.5134,0,0,0,12.5529,26.0528,22.8926,40.5277,68.2541,64.9152,51.2744,75.413,70.6511,88.5848,90.4133,93.5927,0,0,0,50.97881538461539,AR,South,1,0.45427969942870366,1,77
University of Maryland Eastern Shore,HBCU,"Princess Anne, MD",1886,38.21,-75.68,6,10246,6.6805,20.4028,9.724,20.5977,47.4416,28.8792,4.7841,16.8201,7.4018,15.1163,38.5662,22.0547,22.6632,49.8389,32.474,15.3094,38.2805,22.5454,38.163,63.0169,49.6904,0,0,0,13.3968,24.7916,18.552,17.2328,41.69,25.6777,42.1814,68.8979,56.396,19.4926,44.7748,27.0963,0,0,0,23.114730769230768,MD,Northeast,1,0.6955109594258095,1,78
University of the District of Columbia,HBCU,"Washington, DC",1851,38.9447,-77.0656,129,162585,19.6759,23.7715,14.1789,46.8307,45.0074,32.3881,66.2844,53.2011,45.4665,86.8827,61.5209,56.1297,24.2558,27.2548,17.4918,86.3599,60.6867,55.7346,81.1365,59.2303,49.7183,45.2782,49.4449,45.1939,12.734,18.9061,14.6452,96.0503,64.413,59.7951,64.2789,50.4327,42.6966,88.529,63.0275,55.2975,0,0,0,37.595092307692305,DC,Northeast,1,0.64439603107774035,1,79
Virginia State University,HBCU,"Virginia state university, VA",1882,37.2384,-77.4198,35,38694,15.6356,36.9326,24.7684,10,26.5105,14.6755,43.6492,63.3091,59.7415,55.0338,71.6773,70.345,92.2046,88.8096,90.8721,55.9653,72.7938,73.4259,63.6781,77.6946,73.9459,0.4187,0.4536,0.4675,58.2187,75.0156,73.118,59.0218,75.2621,76.3234,57.1402,67.9713,66.893,42.6916,67.2293,60.9826,0,0,0,52.73529230769231,VA,South,1,0.4690743166498168,1,80
Virginia Union University,HBCU,"Richmond, VA",1899,37.5626,-77.4514,85,95532,23.9925,43.7716,30.7494,8.867,21.1316,10.5663,77.0164,74.9444,75.7675,75.5319,75.1428,76.1684,95.244,82.3308,83.7318,80.5741,76.7442,78.6728,78.7176,76.8368,73.7295,41.872,51.041,48.7403,61.8107,71.3565,66.6155,73.2904,74.7117,74.8105,65.6883,66.8363,64.1541,34.4231,54.5173,42.5006,0,0,0,55.86205384615385,VA,South,1,0.49714745898851465,1,81
West Virginia State University,HBCU,"Institute, WV",1891,38.379,-81.7666,19,18054,28.7633,41.7622,40.1419,24.8194,38.4176,35.38,37.1723,47.2267,50.8362,52.9113,58.7073,67.0281,98.0923,81.1818,91.7716,41.3254,51.7842,58.1707,74.0447,71.1808,79.4115,42.8261,48.365,52.2397,94.4477,77.573,89.0394,70.8699,68.3439,81.496,58.578,62.4853,67.9639,92.8339,78.5163,90.5143,98.8809,88.7361,93.731,69.05571538461538,WV,South,1,0.4839234945862877,1,82
Wilberforce University,HBCU,"Wilberforce, OH",1856,39.7104,-83.8794,9,13194,61.5894,50.0001,62.8261,62.5388,51.8439,65.4549,49.9845,44.2962,54.0661,33.1842,34.4206,38.3172,70.0915,54.8481,69.1231,20.7744,23.9119,23.5603,62.0995,50.4695,60.4967,2.1774,2.3718,2.7217,54.1013,49.9814,56.9416,37.9331,38.5401,43.8531,35.7762,41.3975,41.2434,49.8205,44.3031,53.348,19.1501,18.9046,18.6591,45.431638461538455,OH,Midwest,1,0.31112489799977894,1,83
Wiley College,HBCU,"Marshall, TX",1873,32.5385,-94.3752,24,22356,70.8202,84.5495,85.923,26.6855,56.6819,42.7016,20.0347,44.8795,32.5015,32.0882,59.6693,51.3443,79.5003,88.6663,89.0462,28.5883,56.0226,46.7841,60.1772,80.1694,75.6014,0,0,0,57.8442,77.5494,74.9435,19.8574,46.5089,32.6661,57.467,75.5,71.7473,20.3494,43.3896,31.775,91.2411,94.2776,94.2193,56.09640769230769,TX,South,1,0.45427969942870366,1,84
Winston-Salem State University,HBCU,"Winston-Salem, NC",1892,36.0898,-80.225,45,56019,42.7209,73.3799,63.6588,30.0049,64.305,48.538,65.1915,82.096,78.6716,56.5411,80.2693,76.6814,97.8328,94.0439,93.3548,63.642,83.242,81.1316,64.4675,83.3868,75.8893,0,0,0,52.6573,77.5395,69.8954,66.5094,85.0821,82.8355,85.4401,89.2617,87.5026,75.0966,89.1224,86.6739,0,0,0,64.98714615384617,NC,South,1,0.4855756392663875,1,85
Xavier University of Louisiana,HBCU,"New Orleans, LA",1925,29.9632,-90.1062,130,107821,60.461,73.0086,67.7541,44.0615,65.3701,55.4476,83.9903,79.7776,79.1887,85.637,81.3785,81.6314,90.7897,84.7949,83.3444,69.3335,75.3982,73.919,81.4763,79.5822,76.1875,66.0743,80.9874,76.9677,87.97,82.4147,80.6965,84.9513,81.3553,81.185,71.8714,75.8324,71.3525,39.2357,61.0197,49.5624,83.805,89.8775,86.3379,74.12113076923077,LA,South,1,0.5400571966374318,1,86
University of Alabama,PWI,"Tuscaloosa, AL",1831,33.2148,-87.5406,42,54452,74.9726,78.4062,77.6906,9.7862,24.1885,11.7789,50.4231,65.8823,60.5224,55.9747,69.337,65.8623,85.7351,81.9443,82.2681,72.1988,76.3687,76.4435,39.9592,59.1041,47.4226,0,0,0,66.9981,75.8223,71.754,53.223,68.1067,63.4106,67.4397,75.7159,70.2479,63.6599,74.5511,70.7402,14.3951,16.2974,15.9349,54.92892307692307,AL,South,0,0.386698223681003,1,8
Auburn University,PWI,"Auburn, AL",1856,32.6099,-85.4808,35,48097,70.6931,72.123,68.3863,5.1526,11.6896,5.091,29.9696,46.704,34.2543,30.0636,47.3292,33.6323,16.6601,31.6262,18.4012,55.6737,64.0458,58.7736,21.6695,30.9803,21.4405,0,0,0,26.1932,40.8854,30.8462,30.4497,48.4615,34.9266,55.2734,59.6868,53.2147,30.5969,48.3222,33.4541,85,88.7477,84.4856,36.68510769230769,AL,South,0,0.4265737545899598,1,41
Jacksonville State University,PWI,"Jacksonville, AL",1883,33.8226,-85.7621,14,18335,52.7308,61.3549,67.8551,6.9269,14.1043,9.1222,17.9744,32.7922,27.4879,21.6741,37.2874,32.5404,71.1791,71.8641,81.0883,28.7366,43.9541,42.9296,34.1534,41.8069,42.852,0,0,0,0,0,0,17.1724,31.4265,25.92,51.0958,57.9582,60.9611,37.4812,51.3864,52.0206,0,0,0,34.059784615384615,AL,South,0,0.4707220059979401,1,44
Troy University,PWI,"Troy, AL",1887,31.7902,-85.9629,16,18127,56.9842,70.4842,66.3282,5.1994,12.9248,6.183,17.9398,34.8744,23.474,13.5308,29.2032,16.7474,91.9415,84.618,86.6779,25.4468,46.0015,33.3658,38.9994,51.4173,43.0367,0,0,0,75.4418,78.0478,77.2728,48.0756,64.676,59.6294,57.2848,64.1677,61.2298,90.1833,84.0995,85.8749,0,0,0,43.06306923076924,AL,South,0,0.47731878927721233,1,19
University of South Alabama,PWI,"Mobile, AL",1963,30.6936,-88.0472,30,23394,87,86.8613,90.2358,20.3527,46.5572,30.9969,51.0242,70.6018,68.3667,79.5877,83.9446,87.0771,71.9617,83.4101,83.1564,69.8243,80.5775,82.9126,70.0929,79.4013,76.335,0,0,0,78.3781,83.7393,84.6823,71.0911,81.2236,83.1633,74.7716,81.059,81.1046,85.098,86.8627,88.9636,90.9222,93.2431,92.892,73.06817692307693,AL,South,0,0.6015512791364068,1,79
University of Montevallo,PWI,"Montevallo, AL",1896,33.1012,-86.863,8,11174,75.9288,70.9159,84.4042,21.581,34.5953,30.7308,12.9934,22.2336,18.9053,23.5591,37.187,35.0966,66.0352,68.3775,78.9195,20.2735,32.8781,29.6724,41.9349,53.1569,55.3488,0,0,0,22.3544,32.0503,32.879,27.7709,42.3574,41.9117,48.1069,58.7961,62.5656,57.1305,60.6581,67.5775,90.5192,87.581,92.2237,48.479623076923076,AL,South,0,0.49218701018197464,1,71
University of North Alabama,PWI,"Florence, AL",1830,34.7998,-87.6773,26,29346,21.0311,41.1544,34.992,19.8377,40.6433,33.0634,46.6792,63.2963,67.8743,33.0762,54.4449,54.5947,50.4557,69.8735,72.7995,50.9522,66.6364,73.3949,62.2643,74.1957,77.0999,0,0,0,85.0063,82.4258,89.569,41.1903,60.8853,64.1775,64.9685,75.3046,79.8789,66.7988,77.7019,83.976,11.174,12.5193,13.2168,57.27976153846154,AL,South,0,0.38513063495923155,1,17
University of Arkansas,PWI,"Fayetteville, AR",1871,36.0679,-94.1741,38,54853,56.9928,68.4944,63.7632,11.2272,24.6279,13.1801,32.3486,50.8109,41.6817,33.5901,52.2744,42.6717,60.176,71.0631,65.5064,51.1781,64.0388,60.5507,38.3183,50.4375,40.3368,0,0,0,84.0846,79.1396,78.4478,59.5631,69.074700000000007,66.4963,53.3838,62.6138,57.1656,20.6136,38.7196,25.3489,0,0,0,42.70378461538461,AR,South,0,0.45100201470654644,1,80
Arkansas State University,PWI,"Jonesboro, AR",1909,35.8426,-90.6975,29,39036,53.3772,70.2206,76.4919,34.522,58.9232,57.3245,53.8299,67.8819,73.8932,47.0542,65.4381,70.8726,25.9324,49.8006,43.4203,43.0022,62.5314,67.2492,29.1727,44.4802,42.2811,0,0,0,24.519,34.3369,35.5015,49.6851,67.4314,73.2061,59.8814,73.7888,77.9999,76.0881,80.5111,89.2284,0,0,0,54.42066923076922,AR,South,0,0.513680858563404,1,73
University of Central Arkansas,PWI,"Conway, AR",1907,35.0842,-92.4382,30,46409,67.0495,70.0702,72.4998,35.2721,52.1482,44.2276,51.6757,60.5142,60.179,47.9077,59.2562,58.0311,98.0723,82.2776,87.123,44.8193,57.0287,55.764,22.4348,34.3821,28.3744,0,0,0,69.8891,71.0444,72.4604,45.5589,57.9512,55.7305,61.0273,65.9699,65.2297,46.6331,59.707,55.8431,13.8582,14.8794,15.1828,51.588107692307695,AR,South,0,0.5103754153899455,1,5
University of Florida,PWI,"Gainesville, FL",1853,29.6436,-82.3549,50,85059,41.7497,66.9472,49.4616,33.5288,61.9814,41.1543,60.5239,75.8448,66.3936,68.763,80.3796,73.4502,5.0587,14.0827,5.946,54.8116,73.6093,63.9691,33.5973,53.85,37.8424,72.5988,85.7941,78.7551,37.814,54.6144,44.3232,54.838,74.1941,63.6854,77.3715,78.7968,72.2342,95.8461,90.2171,85.6268,0,0,0,52.5263,FL,South,0,0.42172691043092425,1,1
Florida State University,PWI,"Tallahassee, FL",1851,30.4418,-84.2985,59,81238,55.3109,78.1713,65.2331,19.5796,48.1105,25.397,79.1118,85.5901,78.7592,57.189,77.5642,67.3618,8.0247,23.6286,10.5785,56.9312,77.434,67.6998,37.8031,58.1086,44.1475,86.5772,90.9645,85.5875,53.5513,76.1371,63.0298,46.0655,71.422,57.7365,89.9749,89.6968,82.7632,36.4449,54.5122,44.0083,78,92.8613,86.4294,59.90243076923077,FL,South,0,0.4185039783125192,1,9
University of South Florida,PWI,"Tampa, FL",1956,27.9883,-82.3018,29,53624,62.6414,71.9122,71.2481,49.6781,66.5182,62.4317,54.1361,65.3071,63.6259,72.2694,74.9897,77.5289,81.2411,81.156,81.6489,59.6981,68.7596,69.6971,20.4327,32.6296,26.6287,94.9087,86.0977,88.4011,77.5957,77.5335,78.265,53.9786,66.019,64.4318,63.7453,70.625,67.9609,44.8234,62.0402,55.5984,15.8821,19.4476,18.3505,63.52438461538462,FL,South,0,0.5904025646931425,1,33
University of Central Florida,PWI,"Orlando, FL",1963,28.6024,-81.2001,31,82252,56.8444,62.4708,52.3663,42.0966,55.0735,41.2061,43.2153,53.0971,42.6817,64.3923,65.4584,59.072,76.7991,73.0878,65.6355,46.1119,55.3179,45.4909,7.1466,12.0096,8.5346,46.1616,56.369,51.2066,3.1999,6.0499,4.8154,23.9342,39.3727,25.6389,49.2288,48.0577,41.6914,69.4592,69.2865,61.1781,55.0756,63.5624,59.543,43.00465384615384,FL,South,0,0.6015512791364068,1,49
Florida Atlantic University,PWI,"Boca Raton, FL",1961,26.3716,-80.1023,47,61144,27.9267,33.5471,23.6239,33.544,38.885,27.3974,71.3235,58.7433,55.626,64.8384,56.3787,51.8638,41.5955,43.0352,33.6632,66.1493,56.589,53.1032,18.7535,22.0466,16.8803,47.1041,52.4703,48.3147,52.2984,53.0555,44.8256,32.8574,38.7767,27.7265,68.7831,57.774,52.0076,57.1615,53.4764,45.304,0,0,0,36.94893846153846,FL,South,0,0.5983761216082435,1,18
University of West Florida,PWI,"Pensacola, FL",1963,30.5395,-87.2187,18,35559,80.654,75.2308,80.5992,23.9883,39.6562,29.1352,23.229,36.6102,30.5998,35.793,50.1368,45.3447,67.5112,70.5737,71.5071,45.2787,56.3638,55.2458,23.2712,37.5103,28.5441,60.1686,67.2202,67.0732,53.8717,63.1619,61.0455,47.6034,58.2591,56.8151,60.0311,64.1737,62.0674,86.8244,78.3969,83.0807,79.7207,87.1505,85.5579,58.20120769230769,FL,South,0,0.6015512791364068,1,13
University of Georgia,PWI,"Athens, GA",1785,33.948,-83.3776,46,64082,64.6682,79.7545,72.7868,22.3742,49.2736,29.859,36.8552,60.5743,48.0811,63.5571,77.5317,72.178,79.3059,85.9129,80.3987,42.5749,66.0314,55.7598,42.5787,62.7276,48.5027,0,0,0,64.0865,78.6659,70.8398,62.3421,77.7197,71.8649,70.0937,80.9547,73.636,32.6432,60.0404,42.6029,2.5049,2.8973,2.9576,51.49748461538461,GA,South,0,0.31745541371984465,1,14
Georgia Institute of Technology,PWI,"Atlanta, GA",1885,33.7756,-84.3963,112,132878,83.5408,76.1205,67.405,39.8661,56.794,38.8191,85.2628,75.0911,68.1018,91.578,77.8425,72.2614,44.2014,59.6931,43.069,93.8489,77.8575,72.8683,39.0276,43.9528,33.7636,79.6935,81.2965,73.8289,83.9992,76.2358,67.2053,69.6456,70.9159,61.2847,80.8399,75.3039,65.4959,45.0252,56.3759,43.1171,0,0,0,54.401546153846155,GA,South,0,0.47401926395881305,1,27
Georgia State University,PWI,"Atlanta, GA",1913,33.75,-84.388,102,123981,82.8793,81.2536,73.9455,39.6565,62.1606,45.2509,86.9439,80.7137,75.0319,91.2441,82.9578,78.3525,43.9728,65.1519,49.4912,94.4151,83.0688,79.0637,44.288,53.8517,43.1534,78.1729,84.0644,77.6572,85.3216,81.2513,73.7026,68.4212,75.7052,67.4557,82.8538,81.0434,72.6968,62.4325,71.4962,60.6524,0,0,0,61.2656769230769,GA,South,0,0.5202878677614872,1,6
Georgia Southern University,PWI,"Statesboro, GA",1906,32.4224,-81.7851,24,34720,68.9492,80.9847,76.1322,3.3554,10.071,4.0715,34.0255,59.5229,46.1315,23.9618,50.6834,33.3666,23.8925,50.1278,31.5594,27.467,53.4704,37.9721,26.4516,45.0768,33.0015,0,0,0,0,0,0,0,0,0,68.4796,80.9115,73.222,25.3905,52.4695,33.3384,77.3454,91.6989,86.3791,35.01340769230769,GA,South,0,0.508722335419265,1,3
Kennesaw State University,PWI,"Kennesaw, GA",1963,34.0234,-84.5818,34,57741,80.9831,76.2813,68.3686,26.0911,42.7625,24.207,55.0092,62.5594,51.5568,73.7492,72.3876,65.7858,38.5624,53.9899,36.4238,61.8024,66.4797,57.4897,10.6259,16.1545,11.1369,0,0,0,71.8573,72.2497,62.3514,59.3309,65.9034,55.6726,66.3807,70.1788,58.7041,44.9166,58.2639,41.7954,10.2695,12.1239,11.1712,41.89717692307693,GA,South,0,0.6015512791364068,1,54
Augusta University,PWI,"Augusta, GA",1828,33.4736,-82.0105,51,44245,85.2237,83.1696,88.1668,7.7224,20.5218,11.4093,58.4131,71.6456,73.0059,55.4992,70.8721,73.0755,62.7483,76.48,77.3589,53.1018,69.4763,71.6641,68.3428,73.7672,74.4298,84.8889,86.3614,88.8482,81.2376,81.2127,83.9301,35.4949,58.4465,54.3823,70.5953,78.0212,79.2846,42.7041,65.0034,61.1316,0,0,0,64.36054615384616,GA,South,0,0.3820026274231277,1,36
University of Kentucky,PWI,"Lexington, KY",1865,38.0308,-84.5037,69,87180,57.1908,62.6684,64.3955,35.6721,50.3405,45.2035,68.0157,66.3703,71.0675,74.2424,69.6683,75.7969,58.4283,64.012,64.543,61.8748,64.0235,68.8599,65.8609,65.8897,66.4924,0,0,0,60.1195,65.2663,65.7664,62.2758,64.8573,68.717,62.3771,64.618,65.8939,71.8349,69.9226,73.6865,0,0,0,56.18634615384615,KY,South,0,0.4411955484666382,1,67
Western Kentucky University,PWI,"Bowling Green, KY",1906,36.9685,-86.4808,33,53171,53.2005,64.7847,67.6292,25.5809,44.62,37.3005,64.0227,68.7063,73.7672,45.3716,59.7365,62.1669,87.6923,80.5012,86.3665,35.7358,52.5708,52.1611,32.7541,41.7387,40.6426,0,0,0,67.5813,72.1223,76.2571,65.1656,70.1034,76.4682,59.3625,66.0374,67.6516,57.7533,68.2188,71.2547,0,0,0,54.74350769230769,KY,South,0,0.508722335419265,1,84
Eastern Kentucky University,PWI,"Richmond, KY",1906,37.7398,-84.2947,27,39248,43.7982,49.3786,54.3478,25.8571,35.8104,33.7554,44.3376,49.6387,56.1337,49.9172,52.7543,61.0853,94.3047,73.5496,87.4954,32.8121,41.5537,44.2333,27.9291,33.6341,34.6722,0,0,0,51.6297,56.8469,61.8561,48.97,52.9072,61.0433,61.5398,61.723,68.0195,75.9848,66.398,79.645,0,0,0,49.406692307692296,KY,South,0,0.508722335419265,1,4
Murray State University,PWI,"Murray, KY",1922,36.61,-88.3139,20,22454,29.9937,45.5069,41.3144,33.4222,49.8153,46.6322,62.1684,65.6673,73.4592,30.4552,46.0437,43.1059,25.7525,40.066,35.5383,22.7836,38.5688,32.8387,39.1178,50.7365,48.2331,0,0,0,74.8388,72.7299,79.9039,32.7134,48.9065,46.7127,46.489,56.7031,56.0935,31.9381,47.8713,43.9772,0,0,0,42.139161538461536,KY,South,0,0.5351242250379754,1,74
Morehead State University,PWI,"Morehead, KY",1922,38.1851,-83.4324,12,15242,23.9163,33.9255,34.9072,10.0338,15.7912,13.6123,18.5407,29.0697,28.0544,16.1481,25.1241,22.413,61.7968,62.3807,76.4101,16.527,25.4606,23.5881,33.1158,42.0913,44.7749,17.5584,21.2978,22.0385,0,0,0,21.7409,33.3361,32.4648,46.1046,53.2166,59.214,19.9831,28.3916,28.3994,58.0367,59.7202,63.2763,34.550230769230765,KY,South,0,0.5351242250379754,1,11
Louisiana State University,PWI,"Baton Rouge, LA",1853,30.4133,-91.18,45,62170,63.2277,70.7795,64.9364,67.4059,73.6623,69.2968,43.0537,56.8294,48.2042,77.209,75.1489,73.8639,98.0443,82.9961,82.2108,50.4466,62.5413,55.7655,39.26,46.4329,39.5892,67.6558,79.5114,74.496,81.9505,77.7878,74.2678,74.3484,74.5685,72.2412,60.8336,69.6512,61.8594,68.1402,73.4308,67.4902,0,0,0,60.32472307692308,LA,South,0,0.42172691043092425,1,61
University of Louisiana at Lafayette,PWI,"Lafayette, LA",1898,30.2138,-92.0201,77,42658,59.079,66.7957,64.0674,36.6637,54.7479,45.7738,53.724,63.0778,60.2354,50.0046,61.7324,58.5194,78.1516,74.9894,75.2271,41.2164,56.2005,50.94,45.8075,54.2935,48.6694,0,0,0,86.3958,76.6742,77.8138,66.3726,69.4872,69.2326,61.7488,64.2017,60.9364,97.5241,79.5222,82.6037,2.6283,2.0177,2.0708,53.54536923076924,LA,South,0,0.49549386542548574,1,51
University of Louisiana at Monroe,PWI,"Monroe, LA",1931,32.5277,-92.0738,28,32462,58.6051,82.9957,73.5311,20.3224,52.1763,30.1908,38.0672,64.7725,52.9146,38.6896,66.706,52.9699,54.4161,82.2651,69.864,29.565,60.393,45.0753,44.0517,67.8179,55.6466,0,0,0,69.3769,86.2247,79.0632,52.0878,78.0568,68.7568,65.7367,84.7365,75.4173,34.7821,68.3024,49.9677,2.2551,2.2091,2.2551,50.434799999999996,LA,South,0,0.5498986832526526,1,35
Northwestern State University,PWI,"Natchitoches, LA",1884,31.7551,-93.1013,20,21905,48.5072,69.9783,61.6754,12.4492,32.1619,16.3737,30.4182,54.0654,41.8556,15.6644,37.4189,21.9139,18.7791,42.132,26.3381,22.1792,46.6943,31.5559,36.8692,56.9296,44.5561,0,0,0,73.3549,80.4296,78.1545,0,0,0,42.0755,60.9969,52.0657,99,88.3835,90.2969,0,0,0,35.752753846153844,LA,South,0,0.4723703336710692,1,57
McNeese State University,PWI,"Lake Charles, LA",1939,30.2266,-93.2138,36,33948,63.2641,77.6678,79.4428,27.2275,54.1873,42.4966,62.3533,74.0799,74.994,49.7983,69.3901,68.9669,98.0987,88.6618,92.482,37.4736,61.2088,57.3555,59.4054,74.294,71.5983,76.7672,85.9308,87.1646,96.9935,87.1954,90.8625,69.2238,79.3743,82.5013,66.2217,71.6151,71.8037,94.1909,87.6321,91.7401,8.2387,8.2613,8.7709,70.78301538461538,LA,South,0,0.5629588676038081,1,75
Nicholls State University,PWI,"Thibodaux, LA",1948,29.5959,-90.8025,6,9711,35.3034,32.707,30.1249,43.0532,38.567,36.3469,16.0604,17.4924,12.6014,32.716,31.8172,27.7583,23.1008,21.767,20.3045,18.6911,20.5336,14.8271,13.6421,13.9716,14.1469,50.7637,53.3537,51.146,43.6262,43.2307,39.7858,49.4848,42.0837,42.1731,30.6343,35.7072,29.3083,72.3058,53.0419,58.1468,0,0,0,28.974615384615376,LA,South,0,0.5775470660938152,1,72
Southeastern Louisiana University,PWI,"Hammond, LA",1925,30.5079,-90.4715,22,36239,49.8829,73.1659,74.5928,40.9135,68.7812,67.2002,34.4548,59.2302,56.6246,43.7313,67.2655,68.1757,46.2694,69.6702,66.2773,32.2558,58.1396,55.8842,30.4845,52.0762,45.1467,0,0,0,80.5356,85.7767,89.5188,45.8294,69.6294,71.4978,59.7921,75.9941,76.7185,57.5899,78.3442,80.1911,5.7093,5.7093,5.8271,58.28113846153846,LA,South,0,0.5400571966374318,1,20
University of Maryland,PWI,"College Park, MD",1856,38.9869,-76.9426,46,100412,16.0479,38.6799,22.4284,49.6077,74.7042,62.2866,58.5557,75.8281,67.4895,82.4076,86.4872,82.3468,34.2096,63.0612,45.208,80.8082,85.7184,81.5594,61.1304,78.0784,65.0063,80.8903,88.4012,83.9904,47.9039,71.5866,59.1751,86.7305,87.9179,83.7535,59.1531,72.6848,63.8536,50.7745,74.5202,61.7527,0,0,0,59.91156153846154,MD,Northeast,0,0.6519381541231453,1,23
Towson University,PWI,"Towson, MD",1866,39.3958,-76.6047,64,82531,20.5731,27.2694,18.3634,61.935,55.8197,51.5739,60.1308,53.356,50.4984,70.843,58.2974,58.1573,43.3864,45.1527,37.2356,76.7545,59.989,61.3332,69.9451,56.1101,51.314,24.659300000000002,27.3434,24.5883,59.2825,56.1732,50.3671,77.141,60.7474,61.0227,56.803,52.7705,46.8325,34.4894,39.0256,29.4223,0,0,0,41.59297692307692,MD,Northeast,0,0.6667932599581571,1,22
University of Mississippi,PWI,"Oxford, MS",1848,34.3654,-89.5392,25,35144,50.9134,62.554,49.5819,7.3549,16.0918,6.7746,24.8029,41.5291,27.2137,18.347,35.1152,18.7135,7.6757,16.1092,7.7542,32.923,49.0831,34.734,15.7303,21.0538,14.8764,0,0,0,0,0,0,46.5541,59.2636,47.6385,64.2458,67.5379,58.1701,21.1885,38.1265,21.4484,5.5083,6.3219,5.7029,22.508323076923073,MS,South,0,0.4136826771729253,1,77
Mississippi State University,PWI,"Starkville, MS",1878,33.4562,-88.7928,20,32182,68.252,80.205,72.8079,5.1417,14.0379,6.0117,25.8769,47.0125,33.2459,24.5139,47.9916,31.628,65.74,80.9687,71.3122,33.629,57.4437,42.7857,29.336,48.6574,34.7443,0,0,0,1.4791,2.4423,2.3391,53.8108,71.5347,62.2445,66.2725,75.9511,67.2838,37.099,62.372,45.1409,39.6504,45.7003,43.9638,39.500600000000006,MS,South,0,0.4624906547058445,1,30
University of Southern Mississippi,PWI,"Hattiesburg, MS",1910,31.328,-89.3361,35,44504,82.7121,86.8147,87.9589,5.7294,15.9923,7.5896,49.254,68.2114,63.2271,32.7502,58.4967,48.4601,73.0015,83.9764,81.1995,46.012,68.4129,64.1462,32.5371,49.8333,40.2973,75.2976,86.5571,85.1625,91.7787,88.1013,88.2799,28.0626,54.1785,41.8214,77.4065,83.9376,81.9671,36.0899,62.3303,50.3931,5.7533,6.2583,6.485,57.46059230769231,MS,South,0,0.5153331495785983,1,42
Delta State University,PWI,"Cleveland, MS",1924,33.7434,-90.7232,13,18283,67.2009,78.8972,79.1585,28.3408,54.6722,42.2199,29.0342,51.107,43.1429,18.167,39.782,26.4471,88.1285,86.323,87.3381,23.7954,47.3054,36.6118,42.2744,58.4852,51.4705,0,0,0,0,0,0,29.48,54.1465,44.6186,50.4329,63.7685,59.2138,50.2288,70.9609,66.4194,55.6093,64.5124,63.1892,46.140753846153856,MS,South,0,0.5384136964078773,1,47
University of Missouri,PWI,"Columbia, MO",1839,38.9517,-92.3341,44,53315,32.6876,49.3828,38.0538,31.9001,49.9993,37.6002,55.5456,62.4998,59.7724,45.3878,58.0445,53.0561,46.8502,61.186,53.0282,57.0948,64.3195,62.7415,39.768,51.8681,44.5325,0,0,0,64.4783,69.8745,66.6225,60.9207,66.9756,65.3208,60.633,66.7314,62.2478,72.2993,73.0135,71.5703,0,0,0,47.272776923076925,MO,Midwest,0,0.28754935972432183,1,37
Missouri State University,PWI,"Springfield, MO",1905,37.1957,-93.2788,66,70450,43.1607,57.8843,56.6782,17.9631,33.7319,24.8678,58.1113,65.6749,70.2826,45.8306,59.5992,61.7455,55.9793,66.5887,66.6672,59.1062,66.337,72.5178,63.2913,68.8306,68.8984,46.1353,57.2782,58.3393,90.2099,79.731,85.7919,71.315,72.5408,79.4284,73.0707,72.9968,76.9953,66.6804,72.3803,76.2841,0,0,0,61.42280769230769,MO,Midwest,0,0.3844403148114963,1,25
University of North Carolina at Chapel Hill,PWI,"Chapel Hill, NC",1789,35.9049,-79.0469,37,51825,23.4207,37.2961,23.8195,11.0204,20.9407,10.1047,30.6271,44.4192,32.6458,41.9078,53.5264,43.1251,34.6988,48.3687,34.6146,50.2643,57.8533,50.5271,38.9306,47.4509,36.9186,0,0,0,0,0,0,44.0096,54.8708,44.6016,61.3279,54.9529,51.2821,8.3586,11.8848,7.8179,2.7615,2.7988,2.7988,26.019676923076926,NC,South,0,0.32321596003442166,1,29
North Carolina State University,PWI,"Raleigh, NC",1887,35.7848,-78.682,46,62905,28,37.1766,26.2533,16.5719,25.4417,14.49,66.6077,59.239,55.8052,56.1168,55.6407,50.6322,47.0528,51.2901,42.2168,79.1146,64.6193,64.8417,34.4602,38.4129,30.9007,74.095,74.4368,70.5858,16.7067,20.585,16.9298,64.5811,59.6845,55.789,69.1642,57.534,53.9241,58.2209,56.4375,50.1363,0,0,0,40.96191538461539,NC,South,0,0.47731878927721233,1,32
East Carolina University,PWI,"Greenville, NC",1907,35.6052,-77.3664,41,56607,5.2125,15.1942,6.7738,10.5358,26.9788,12.8687,64.6825,74.3936,68.6796,32.0011,54.7887,40.5445,38.5819,62.9052,47.5336,55.9087,70.827,64.4051,29.8981,46.5632,36.1103,0,0,0,0,0,0,44.5126,65.2838,54.7906,84.9103,82.4224,77.8591,18.0012,39.8405,23.3387,0,0,0,33.3003076923077,NC,South,0,0.5103754153899455,1,55
Appalachian State University,PWI,"Boone, NC",1899,36.2168,-81.6746,15,32916,3.687,8.7047,4.4084,12.673400000000001,24.5878,14.7991,32.5854,46.9175,39.9278,6.5472,14.7959,7.2214,14.9551,25.8899,18.4302,33.3936,49.1849,42.2116,32.8752,48.3975,38.5478,0,0,0,0,0,0,0,0,0,76.7639,74.7924,73.7456,30.4004,47.1535,37.3716,17.3591,19.1354,18.4029,22.697415384615383,NC,South,0,0.49714745898851465,1,81
University of North Carolina at Charlotte,PWI,"Charlotte, NC",1946,35.3075,-80.7323,30,58312,46.4415,67.842,43.8001,32.4404,58.5455,31.2233,35.5147,57.5503,35.4247,57.6281,73.4017,55.0164,81.5953,86.2645,69.5035,66.7043,77.2961,61.4714,8.4298,17.7617,9.2971,3.6772,5.1875,3.9398,63.2187,76.7901,57.916,55.8253,72.5011,53.038,60.5281,67.6666,53.0074,24.7306,48.6853,23.8311,0,0,0,38.266830769230765,NC,South,0,0.5743159852817461,1,69
University of North Carolina at Wilmington,PWI,"Wilmington, NC",1947,34.2285,-77.8705,37,51248,2,4.8109,2.2055,13.2509,22.2275,13.5738,29.916,40.8843,34.3682,27.7217,39.8181,31.533,72.959,68.0004,70.5178,60.6282,60.3337,63.2204,25.5538,30.1232,25.1065,57.3956,64.7958,62.8092,68.3013,65.8613,66.4757,55.5701,58.4663,59.0559,76.2453,67.1715,69.248,70.2802,65.6432,67.4018,77.7672,85.4222,82.5491,49.85114615384615,NC,South,0,0.575932337126424,1,40
University of Oklahoma,PWI,"Norman, OK",1890,35.2059,-97.4451,61,70528,85.0133,80.229,82.1847,52.0136,67.248,63.1436,77.0016,75.399,77.1479,67.3465,72.1699,72.9362,15.4198,29.9745,19.991,41.407,57.5218,53.1048,33.7015,43.6077,37.6267,0,0,0,66.6676,72.8896,71.1103,34.4943,52.952,44.918,63.9987,71.855,70.0036,22.8837,41.0412,29.655,0,0,0,47.83244615384615,OK,South,0,0.4822717012518826,1,66
Oklahoma State University,PWI,"Stillwater, OK",1890,36.1267,-97.0691,35,47350,75.9427,79.3604,76.4219,49.5144,68.2407,58.6282,45.2503,60.6385,52.9851,33.8264,52.531,41.5385,8.1095,18.0792,9.9499,26.4794,46.9527,34.336,39.3902,54.8241,44.2517,0,0,0,33.6103,53.1465,42.8856,56.1229,69.0502,63.7714,53.2363,67.6318,58.8284,74.9988,79.7188,75.6918,97.9427,92.1676,89.5845,49.913307692307704,OK,South,0,0.4822717012518826,1,59
University of South Carolina,PWI,"Columbia, SC",1801,33.9965,-81.0299,49,59291,41.3613,60.7545,50.7827,7.4902,18.1426,8.8976,65.6043,72.3249,70.0512,72.3439,76.2737,75.8932,75.6477,79.8775,77.1223,66.5974,73.6173,72.7141,67.3991,74.4742,68.2954,58.3907,63.9936,61.6387,88.0611,81.9732,81.4469,58.7505,70.499,67.258,79.5533,78.302,75.9925,63.3874,74.4222,69.6731,0,0,0,59.981976923076914,SC,South,0,0.34081719209899547,1,28
Clemson University,PWI,"Clemson, SC",1889,34.6834,-82.8374,15,26573,43.0316,53.086,44.779,20.045,33.0492,20.8574,25.6084,36.6821,26.9216,44.2922,53.8504,48.261,49.1364,58.8955,51.8026,35.2983,46.9861,38.8126,36.6801,48.4702,38.645,94.4112,81.6598,83.0636,16.3233,23.7522,20.8447,37.1649,49.2595,41.2187,53.3906,61.2948,53.6479,38.3824,51.0013,41.356,61.1909,68.2863,64.6563,44.22049230769231,SC,South,0,0.48062029527583944,1,12
Winthrop University,PWI,"Rock Hill, SC",1886,34.9287,-81.0287,34,47455,32.2361,54.169,42.8508,17.0146,36.9906,22.6147,35.7289,55.3543,48.2447,54.4114,68.9187,67.3476,86.8084,84.7535,85.5018,44.7266,62.9647,58.9264,41.7552,57.323,49.2782,73.191,82.6664,81.9802,68.1341,76.1512,74.5636,61.9651,73.0085,72.5398,79.8402,79.0911,78.5818,75.6309,80.6169,80.535,3.4181,3.5567,3.6029,58.96673076923076,SC,South,0,0.47566876109828926,1,85
College of Charleston,PWI,"Charleston, SC",1770,32.7815,-79.9381,37,45873,25.5296,33.073,25.3286,10.898,16.6428,9.6942,55.2767,52.2038,51.7143,58.4528,53.8131,54.8433,88.5098,66.3294,71.267,61.7552,55.1674,57.1682,68.2803,59.203,57.1233,82.385,74.8204,74.6826,36.1534,45.6581,38.8738,52.0492,52.2039,50.2814,62.7591,56.0732,54.8774,86.8987,65.2544,70.2153,0,0,0,47.389953846153844,SC,South,0,0.29635590854869864,1,48
Coastal Carolina University,PWI,"Conway, SC",1954,33.7951,-79.013,8,23556,12,23.6166,17.1917,10.6457,20.3983,13.6349,20.6138,35.1354,29.2064,25.862,42.2276,36.598,28.1482,41.4628,36.569,29.8151,45.5528,42.6371,11.5046,20.0678,17.0663,0,0,0,0,0,0,36.8229,51.6801,50.7115,62.9885,69.8002,72.2862,47.089,60.8341,61.1074,0,0,0,29.000653846153845,SC,South,0,0.5871995309502519,1,65
Francis Marion University,PWI,"Florence, SC",1970,34.2091,-79.7978,19,22340,22.6953,42.9521,30.3248,8.3811,20.5088,10.4341,45.0205,60.7119,55.5298,50.9143,65.0216,61.923,70.0504,75.2594,73.8008,40.9807,58.6788,52.9455,54.1328,66.5909,59.7572,0,0,0,10.2615,18.2749,13.8484,31.0633,52.1348,42.083,80.9087,77.3667,76.2517,45.1445,63.011,55.8184,0,0,0,40.9782076923077,SC,South,0,0.6125956570582659,1,39
University of Tennessee,PWI,"Knoxville, TN",1794,35.9544,-83.9289,41,54893,42.3766,61.912,58.8013,20.143,41.2847,29.7851,46.5384,62.4247,61.8676,86.1243,80.917,86.8286,79.0658,80.325,83.5185,62.558,71.8277,75.8902,57.4992,67.4745,65.5222,72.9539,82.4743,84.582,93.1704,83.5584,87.9421,72.7221,76.552,81.4389,60.3416,66.8863,68.3602,70.451,77.6884,80.7476,2.826,3.4453,3.6002,66.83726923076922,TN,South,0,0.33049262700506676,1,53
Middle Tennessee State University,PWI,"Murfreesboro, TN",1911,35.8456,-86.3678,40,64561,25.5117,42.4686,33.083,27.3171,45.612,35.1315,55.1498,63.1609,63.2686,69.4262,70.8202,74.5242,62.1437,70.2451,69.6788,43.8737,57.2204,55.5639,34.1766,46.369,41.889,0,0,0,77.7805,75.0695,76.9315,43.9724,58.1319,55.5017,63.1269,69.4541,67.9038,14.3855,28.0401,18.4584,87.9589,85.1949,84.713,52.049800000000005,TN,South,0,0.5169851054625183,1,38
University of Memphis,PWI,"Memphis, TN",1912,35.1188,-89.9376,51,62831,76.4253,72.3259,75.1646,50.5565,62.6929,59.6458,64.2824,66.8719,67.839,65.0392,67.9103,69.8147,90.7913,76.736,81.0236,70.1163,69.4539,72.7156,77.5694,72.3469,72.8957,87.1478,82.7611,82.98,81.2109,74.5413,75.9782,66.079,68.7927,70.0715,55.4623,61.8296,59.4213,32.4209,50.1729,40.7701,0,0,0,63.716930769230764,TN,South,0,0.5186366901882963,1,21
Tennessee Tech University,PWI,"Cookeville, TN",1915,36.1628,-85.5016,20,37382,10.9344,21.342,15.4847,15.701,28.232,20.7096,35.8153,48.8781,48.0297,45.1064,55.8113,58.4451,37.2446,50.6908,48.4715,35.5069,49.0826,49.0792,33.7259,45.489,41.5767,0,0,0,0,0,0,57.049,63.0439,68.4336,63.4464,68.0657,71.0572,12.6059,23.0734,16.8612,16.2611,18.8868,19.0673,35.17044615384615,TN,South,0,0.5235888576532266,1,86
Austin Peay State University,PWI,"Clarksville, TN",1927,36.5309,-87.3598,18,26387,27.4342,51.3546,40.5146,31.674,57.4364,47.281,65.3265,75.3102,75.7692,41.7914,63.5433,59.5466,56.691,75.3007,71.6524,36.3145,58.7769,53.8845,52.8863,69.7559,64.5153,0,0,0,0,0,0,29.8536,50.76,44.9247,57.1538,74.2959,70.7759,95.4601,88.3745,90.1863,0,0,0,47.61926923076923,TN,South,0,0.5433415497341059,1,52
University of Texas at Austin,PWI,"Austin, TX",1883,30.2849,-97.7341,92,117149,81.9689,72.4352,67.3729,63.1782,66.6334,57.3511,94.5542,74.7814,73.2517,66.6887,66.3677,60.0589,9.4054,18.2955,8.9342,81.6744,71.4018,68.5735,42.0543,43.705,34.9186,0,0,0,57.8532,64.4443,53.7793,61.0413,64.1193,56.0053,70.5052,68.0958,59.8357,68.6177,68.1975,59.7412,0,0,0,46.140184615384605,TX,South,0,0.4707220059979401,1,82
Texas A&M University,PWI,"College Station, TX",1876,30.628,-96.3344,55,80981,57.8267,76.6087,63.0998,60.036,78.9709,66.998,76.8396,82.0231,74.9471,44.3569,67.2183,53.3657,16.2824,38.2639,19.6147,51.6899,71.5793,59.8857,20.2092,34.4315,22.9969,0,0,0,78.4854,83.8367,75.6183,32.2156,57.5931,39.8038,66.6858,79.2394,67.8317,78.755,85.6155,77.0504,0,0,0,47.78554615384615,TX,South,0,0.45920357778039417,1,7
Texas Tech University,PWI,"Lubbock, TX",1923,33.5843,-101.8783,56,67869,6,17.9679,8.7303,37.1788,63.9762,52.1979,88.271,85.1086,83.48,52.2984,71.4828,66.1337,12.3444,30.597,18.2287,58.4149,74.5044,70.7973,52.2238,64.9446,60.1054,0,0,0,71.8423,80.4547,76.0998,51.093,70.6886,64.1745,62.9909,73.1698,67.5189,19.4033,43.543,28.2351,0,0,0,45.82320000000001,TX,South,0,0.5367693607535962,1,56
Sam Houston State University,PWI,"Huntsville, TX",1879,30.7138,-95.5472,26,49020,60.0713,74.6504,69.6888,65.8844,78.8173,75.9587,52.3273,64.6204,59.5643,35.9087,56.4405,48.0824,47.4633,66.5176,57.3298,30.6399,52.9211,41.8552,24.7537,45.2351,32.238,0,0,0,78.7459,81.077,78.9919,20.1218,42.5668,27.5582,68.0579,76.5532,70.8049,57.3817,74.0661,67.691,23.3714,25.7261,24.2918,50.31192307692307,TX,South,0,0.46413543480742314,1,63
Stephen F. Austin State University,PWI,"Nacogdoches, TX",1923,31.6026,-94.6553,22,30504,62.2778,79.8981,77.2898,34.3222,63.5722,51.6854,38.9591,63.5227,56.0554,31.0995,56.6161,46.4515,23.2097,49.976,35.8936,32.6803,59.2344,50.2922,41.2284,63.3359,52.5133,0,0,0,68.7065,81.1183,78.3849,29.9633,57.3002,46.5554,67.9029,81.64,77.7745,55.7103,77.4244,72.0601,79.7535,92.1885,89.8591,56.524246153846164,TX,South,0,0.5367693607535962,1,15
Lamar University,PWI,"Beaumont, TX",1923,30.085,-94.1378,36,41663,71.5467,75.2415,79.3854,35.8344,57.521,52.0169,77.7113,76.0618,81.2302,71.4672,74.217,78.4657,96.4274,82.6401,88.2779,62.3722,70.6503,74.8961,50.355,62.3027,60.4727,0,0,0,84.9352,79.4017,83.2196,53.0281,67.063,67.8891,75.8563,77.5147,79.0722,33.1967,54.6816,48.3517,0,0,0,61.02134615384615,TX,South,0,0.5367693607535962,1,24
University of North Texas,PWI,"Denton, TX",1890,33.2072,-97.1526,34,59628,59.6962,71.8493,66.0891,84.0805,82.9184,83.2215,78.1626,77.0493,76.2146,61.6499,71.9746,69.3935,19.5222,38.1742,23.9139,50.433,65.2973,60.026,31.7068,44.7543,36.2947,0,0,0,59.3268,71.5869,65.268,57.7453,69.6328,65.2475,70.6829,75.9085,71.3454,37.6968,58.2805,45.2671,3.2798,3.1341,3.1341,51.185800000000015,TX,South,0,0.4822717012518826,1,46
Texas State University,PWI,"San Marcos, TX",1899,29.8897,-97.9403,36,55904,72.5755,84.198,77.1941,66.9037,83.0856,75.5024,57.4226,73.9906,64.3196,43.0722,66.5139,53.6058,17.4215,41.1825,22.7645,43.7215,67.6243,55.6218,29.8382,45.4013,32.7851,0,0,0,48.1534,72.0599,59.1598,46.3373,70.2833,58.1115,56.9457,70.9531,60.9842,14.9894,33.0257,19.7725,27.69,28.1749,26.5664,46.6452076923077,TX,South,0,0.49714745898851465,1,34
University of Virginia,PWI,"Charlottesville, VA",1819,38.0336,-78.508,53,68817,15.6995,28.088,16.8826,7.0352,13.8304,6.6332,38.614,49.9075,40.8938,44.3624,54.9437,46.7819,5.4514,10.538,5.2895,51.9676,58.6132,53.0243,48.6407,52.7436,45.4569,0,0,0,0,0,0,40.0733,52.0739,42.1677,59.0347,55.6356,51.7974,13.2945,24.4277,13.9722,0,0,0,24.83842307692307,VA,South,0,0.36805049147181423,1,2
Virginia Polytechnic Institute and State University,PWI,"Blacksburg, VA",1872,37.2284,-80.4234,29,47552,11.7364,21.4065,10.8666,10.735,19.4146,8.9444,35.3688,45.6923,32.11,27.2614,39.7976,24.613,98.1654,76.7416,71.9406,27.746,40.0986,25.3265,27.5571,39.6427,26.9515,0,0,0,14.0042,18.7937,14.8163,59.1474,61.0915,52.0407,48.5463,52.6266,41.7776,79.0553,66.9856,58.9107,0,0,0,28.330607692307698,VA,South,0,0.45264034366649775,1,45
Virginia Commonwealth University,PWI,"Richmond, VA",1838,37.5477,-77.452,83,90732,24.2408,43.5598,31.1526,9,20.8053,10.7727,79.8535,76.4825,77.3481,77.0694,76.1755,76.94,95.1867,83.4591,83.5465,80.8199,77.1641,78.682,78.2085,77.1824,73.483,36.9576,44.9789,43.2424,66.0851,72.7432,68.6485,75.9483,75.8958,76.0529,64.1365,65.6857,61.8494,37.3713,56.3871,45.5541,0,0,0,55.94401538461538,VA,South,0,0.39773554108226666,1,60
Old Dominion University,PWI,"Norfolk, VA",1930,36.8855,-76.3062,49,64516,12.4566,24.8403,13.2728,18.4724,33.6995,18.4124,62.1569,65.1603,58.9085,74.2034,71.0413,67.9872,51.9069,62.7226,51.3176,69.0323,68.5238,64.6911,70.2551,69.8485,60.3713,93.4477,83.0861,80.367,61.1601,67.1229,58.3071,71.4202,70.1224,65.9143,55.1482,61.8244,52.3796,74.9132,71.1045,65.007,0,0,0,50.533530769230765,VA,South,0,0.548260933935565,1,68
James Madison University,PWI,"Harrisonburg, VA",1908,38.4354,-78.8692,37,58019,12.9093,28.0828,17.245,4.7654,11.2598,5.6084,53.5367,64.4192,60.4231,69.5966,74.677,74.7075,43.7818,62.9057,53.3004,40.5928,57.9561,51.3527,39.7208,49.1519,41.5265,0,0,0,87.8435,81.718,81.4614,35.739,54.9739,45.9662,65.6175,70.8578,67.3065,15.2644,31.0335,19.3444,0,0,0,39.86477692307692,VA,South,0,0.512028268473088,1,58
George Mason University,PWI,"Fairfax, VA",1949,38.8303,-77.3076,36,65051,27.3002,32.4284,19.6557,33.0894,38.0009,22.4689,49.3993,48.1158,36.0497,66.9702,57.4407,47.4049,18.7816,23.0667,13.0735,66.1008,56.1924,46.6396,34.7345,36.2169,26.2202,0,0,0,3.3803,3.9947,3.1236,35.5335,40.3244,25.5091,51.8544,49.9813,38.4837,20.5315,24.4817,13.6906,0,0,0,22.48611538461539,VA,South,0,0.5791601393545953,1,16
West Virginia University,PWI,"Morgantown, WV",1867,39.6356,-79.9547,55,52670,14.1636,25.1257,17.1336,45.3245,56.6569,52.027,28.5237,41.7889,34.5556,41.82,52.5525,49.2968,61.5409,66.0152,65.2101,41.8188,52.0546,49.3794,57.5249,57.9148,56.4905,0,0,0,78.8341,71.9179,74.4114,78.0332,70.8136,75.912,62.235,58.9165,59.2013,87.2263,75.8023,80.0073,23.3016,24.3926,24.4064,49.079338461538455,WV,South,0,0.4444596623712913,1,76
Rutgers University,PWI,"New Brunswick, NJ",1766,40.5008,-74.4474,70,120064,31.1852,54.555,40.659,58.2094,75.1453,67.3028,65.847,75.0074,69.8691,78.5291,81.1502,78.3237,57.4853,75.2654,65.7678,63.9603,74.8908,70.4667,60.134,72.0895,62.2515,92.5805,88.4101,85.725,67.0123,77.4881,71.0375,91.3262,85.1666,82.7937,77.0956,76.5512,72.1145,68.8023,79.3841,72.8107,25.8174,27.6845,26.1186,66.55696923076924,NJ,Northeast,0,0.5080600660699477,1,10
Temple University,PWI,"Philadelphia, PA",1884,39.9812,-75.1551,238,254799,50.8836,71.0097,71.6917,64.7102,78.5577,80.9273,80.2738,81.5417,85.6838,85.6932,83.7002,88.2593,65.8305,79.0634,80.7442,93.0077,85.1006,89.8809,80.214,80.8812,81.692,87.2781,87.9458,89.7131,69.6808,78.8903,80.2784,89.5401,84.7262,88.9914,80.7542,77.6627,80.0269,84.1109,84.3368,87.7959,0,0,0,77.36037692307693,PA,Northeast,0,0.6927020565164005,1,50
Pennsylvania State University,PWI,"University Park, PA",1855,40.7982,-77.8599,41,70285,33.1099,45.63,33.7616,24.5846,38.6306,24.8343,40.9421,50.8383,41.7031,34.6569,46.0621,35.4608,9.1166,16.6812,9.5359,40.4188,50.3972,41.1575,37.8333,43.2658,32.6678,69.1918,75.7382,70.7419,0.6852,0.8565,0.7097,48.7751,56.0526,47.1703,61.7453,61.3648,53.2006,20.1442,32.927,20.8114,0,0,0,31.673453846153848,PA,Northeast,0,0.6504356675161623,1,78
University of Cincinnati,PWI,"Cincinnati, OH",1819,39.1329,-84.515,97,94786,84.7988,84.2972,83.6345,75.9423,82.6301,81.1488,91.0755,84.4403,84.7093,90.0073,84.9018,85.4996,96.823,87.9397,87.1579,85.5181,83.4992,83.9791,77.9467,81.6047,77.4687,13.7075,19.0611,18.2952,85.9058,83.8288,82.2369,82.199700000000007,82.8314,82.3822,68.9619,67.1998,65.2782,62.2743,76.8202,71.767,0,0,0,69.50441538461538,OH,Midwest,0,0.2612250836232605,1,83
Ohio State University,PWI,"Columbus, OH",1870,40.0067,-83.0305,104,115813,50.7952,50.598,45.7671,59.41,55.5855,53.4148,91.2233,64.8964,70.1033,81.4702,62.5068,66.881,91.4573,66.1932,70.5799,84.3763,63.161,68.2239,66.1606,53.601,51.2404,37.8208,46.7762,43.1198,85.9066,66.2635,67.3028,84.9618,64.1987,68.2089,66.0531,58.5476,55.8689,71.5991,59.5658,59.6195,0,0,0,55.41002307692308,OH,Midwest,0,0.33131152261757474,1,43
Wayne State University,PWI,"Detroit, MI",1868,42.3576,-83.0716,77,64349,82.9308,90.5497,89.8555,83.2863,91.3825,90.7466,90.0916,90.8316,90.5401,65.2441,83.5938,82.6185,85.3823,91.9604,90.0898,87.5217,90.8103,90.7772,76.5696,88.1234,84.269,0,0,0,88.4577,90.7668,89.51,81.339,89.3189,88.7925,95.2292,92.0612,91.023,42.7279,71.6361,62.6851,4.1477,5.006,5.0962,73.53873076923077,MI,Midwest,0,0.3283871775597462,1,26
University of Illinois at Chicago,PWI,"Chicago, IL",1946,41.8709,-87.6498,134,256764,77.8109,71.5431,62.3788,91.0489,77.5258,70.0524,98.346,76.6804,71.7872,97.822,77.3185,72.8009,90.588,77.4963,68.6402,98.1038,76.9355,72.7332,51.9959,56.2476,45.0085,95.9945,82.0125,76.8432,95.5914,77.1042,70.1049,89.5779,74.896,69.075,95.836,77.6694,69.8216,92.25,77.2503,69.2157,0,0,0,62.95858461538462,IL,Midwest,0,0.45028008940400077,1,70
Kansas State University,PWI,"Manhattan, KS",1863,39.1836,-96.5717,31,38475,44.9583,60.7579,52.134,37.2278,56.7576,44.8152,41.5229,57.1269,49.8229,40.5999,56.8198,48.971,44.5734,62.1569,52.3659,35.4426,52.7799,43.9535,51.4096,60.9311,53.2891,59.849,74.1451,70.3162,38.8645,58.1496,48.3914,47.3859,61.6086,55.6213,73.2862,74.525,70.8547,42.2738,59.7964,49.7212,9.4586,9.9589,10.1385,50.030376923076915,KS,Midwest,0,0.32113463209088977,1,64
University of Nebraska-Lincoln,PWI,"Lincoln, NE",1869,40.8202,-96.7005,65,81432,24.7279,43.897,35.6183,18.5843,37.002,26.702,74.8765,74.8351,81.0205,72.5613,74.7553,81.442,62.2442,72.9245,74.648,76.0424,75.7221,82.8629,60.5508,65.2528,66.6024,0,0,0,80.1148,78.1995,82.847,79.9331,77.8276,84.5744,86.2123,78.0552,82.4026,78.6463,78.9032,84.0425,0,0,0,60.21250769230768,NE,Midwest,0,0.32984770440056554,1,62
Arizona State University,PWI,"Tempe, AZ",1885,33.4255,-111.94,51,84995,59.4937,71.1542,60.0375,93.5294,85.3288,82.0505,83.6556,79.4146,75.3474,87.6724,81.5415,78.4321,52.9967,69.753,55.7662,90.8765,82.2062,79.6605,25.9353,39.1392,27.4973,94.7607,86.5975,83.3762,60.7468,71.7483,61.239,80.6772,79.2467,74.9381,68.4529,73.0612,64.0616,98.5999,86.1539,82.213,3.7258,4.2086,4.1843,63.75413076923076,AZ,West,0,0.43342347370525935,1,31
